桩号,填方面积(㎡),挖方面积(㎡),清表面积(㎡),清表左边界X,清表右边界X,top,CRR,C1,C2,G15,G7,top,CRR,C1,C2,G15,G17
K85+525,5.464,0.000,5.088,-9.405,7.499,0.253,0.789,0.837,0.884,0.932,0.979,0.253,0.789,0.837,0.884,0.932,0.979
K85+550,3.689,0.003,4.895,-9.253,6.941,0.253,0.789,0.837,0.884,0.932,0.979,0.253,0.789,0.837,0.884,0.932,0.979
K85+575,4.270,0.000,4.829,-9.128,6.919,0.253,0.789,0.837,0.884,0.932,0.979,0.253,0.789,0.837,0.884,0.932,0.979
K85+600,2.347,0.000,4.137,-6.790,6.985,0.253,0.789,0.837,0.884,0.932,0.979,0.253,0.789,0.837,0.884,0.932,0.979
K85+625,0.968,0.005,4.003,-6.628,6.698,0.253,0.789,0.837,0.884,0.932,0.979,0.253,0.789,0.837,0.884,0.932,0.979
K85+650,0.100,0.306,3.914,-6.440,6.591,0.253,0.789,0.837,0.884,0.932,0.979,0.253,0.789,0.837,0.884,0.932,0.979
K85+675,0.000,1.580,3.865,-6.527,6.335,0.253,0.789,0.837,0.884,0.932,0.979,0.253,0.789,0.837,0.884,0.932,0.979
K85+700,0.000,2.955,3.667,-5.988,6.207,0.253,0.789,0.837,0.884,0.932,0.979,0.253,0.789,0.837,0.884,0.932,0.979
K85+725,0.000,3.891,3.647,-6.020,6.111,0.253,0.789,0.837,0.884,0.932,0.979,0.253,0.789,0.837,0.884,0.932,0.979
K85+750,0.000,4.008,3.587,-6.003,5.938,0.253,0.789,0.837,0.884,0.932,0.979,0.253,0.789,0.837,0.884,0.932,0.979
K85+775,0.000,5.299,3.388,-5.535,5.735,0.253,0.789,0.837,0.884,0.932,0.979,0.253,0.789,0.837,0.884,0.932,0.979
K85+800,0.000,4.195,3.449,-5.632,5.815,0.253,0.789,0.837,0.884,0.932,0.979,0.253,0.789,0.837,0.884,0.932,0.979
K85+825,0.000,5.267,3.362,-5.107,5.938,0.253,0.789,0.837,0.884,0.932,0.979,0.253,0.789,0.837,0.884,0.932,0.979
K85+850,0.000,4.479,3.417,-5.494,5.853,0.253,0.789,0.837,0.884,0.932,0.979,0.253,0.789,0.837,0.884,0.932,0.979
K85+875,0.000,3.561,3.508,-5.712,5.892,0.253,0.789,0.837,0.884,0.932,0.979,0.253,0.789,0.837,0.884,0.932,0.979
K85+900,0.000,4.500,3.436,-5.586,5.810,0.253,0.789,0.837,0.884,0.932,0.979,0.253,0.789,0.837,0.884,0.932,0.979
K85+925,0.000,3.853,3.388,-5.306,5.892,0.253,0.789,0.837,0.884,0.932,0.979,0.253,0.789,0.837,0.884,0.932,0.979
K85+950,0.000,5.905,3.198,-5.006,5.609,0.253,0.789,0.837,0.884,0.932,0.979,0.253,0.789,0.837,0.884,0.932,0.979
K85+975,0.000,5.552,3.254,-5.030,5.744,0.253,0.789,0.837,0.884,0.932,0.979,0.253,0.789,0.837,0.884,0.932,0.979
K86+000,0.000,5.654,3.326,-5.233,5.744,0.253,0.789,0.837,0.884,0.932,0.979,0.253,0.789,0.837,0.884,0.932,0.979
K86+025,0.000,5.597,3.341,-5.362,5.721,0.253,0.789,0.837,0.884,0.932,0.979,0.253,0.789,0.837,0.884,0.932,0.979
K86+050,0.000,5.808,3.984,-5.710,7.550,0.253,0.789,0.837,0.884,0.932,0.979,0.253,0.789,0.837,0.884,0.932,0.979
K86+075,0.000,4.917,3.462,-5.566,5.941,0.253,0.789,0.837,0.884,0.932,0.979,0.253,0.789,0.837,0.884,0.932,0.979
K86+100,0.000,4.917,3.480,-5.580,5.912,0.253,0.789,0.837,0.884,0.932,0.979,0.253,0.789,0.837,0.884,0.932,0.979
K86+125,0.000,4.610,3.538,-5.870,5.888,0.253,0.789,0.837,0.884,0.932,0.979,0.253,0.789,0.837,0.884,0.932,0.979
K86+150,0.000,4.656,3.518,-5.506,6.126,0.253,0.789,0.837,0.884,0.932,0.979,0.253,0.789,0.837,0.884,0.932,0.979
K86+175,0.000,5.119,3.452,-5.313,6.147,0.253,0.789,0.837,0.884,0.932,0.979,0.253,0.789,0.837,0.884,0.932,0.979
K86+200,0.000,4.038,3.545,-5.662,6.101,0.253,0.789,0.837,0.884,0.932,0.979,0.253,0.789,0.837,0.884,0.932,0.979
K86+225,0.000,3.766,3.596,-5.748,6.178,0.253,0.789,0.837,0.884,0.932,0.979,0.253,0.789,0.837,0.884,0.932,0.979
K86+250,0.000,3.197,3.643,-5.683,6.386,0.253,0.789,0.837,0.884,0.932,0.979,0.253,0.789,0.837,0.884,0.932,0.979
K86+275,0.000,4.532,3.463,-5.612,5.892,0.253,0.789,0.837,0.884,0.932,0.979,0.253,0.789,0.837,0.884,0.932,0.979
K86+300,0.000,2.849,3.584,-5.649,6.177,0.253,0.789,0.837,0.884,0.932,0.979,0.253,0.789,0.837,0.884,0.932,0.979
K86+325,0.000,3.756,3.497,-5.195,6.402,0.253,0.789,0.837,0.884,0.932,0.979,0.253,0.789,0.837,0.884,0.932,0.979
K86+350,0.001,2.767,3.637,-5.642,6.410,0.253,0.789,0.837,0.884,0.932,0.979,0.253,0.789,0.837,0.884,0.932,0.979
K86+375,0.237,1.640,3.769,-5.864,6.592,0.253,0.789,0.837,0.884,0.932,0.979,0.253,0.789,0.837,0.884,0.932,0.979
K86+400,0.478,0.998,3.752,-5.741,6.666,0.253,0.789,0.837,0.884,0.932,0.979,0.253,0.789,0.837,0.884,0.932,0.979
K86+425,2.083,0.293,3.930,-6.240,6.779,0.253,0.789,0.837,0.884,0.932,0.979,0.253,0.789,0.837,0.884,0.932,0.979
K86+450,3.064,0.042,4.150,-6.671,7.034,0.253,0.789,0.837,0.884,0.932,0.979,0.253,0.789,0.837,0.884,0.932,0.979
K86+475,5.532,0.019,4.962,-9.081,7.344,0.253,0.789,0.837,0.884,0.932,0.979,0.253,0.789,0.837,0.884,0.932,0.979
K86+500,6.652,0.000,5.129,-9.487,7.495,0.253,0.789,0.837,0.884,0.932,0.979,0.253,0.789,0.837,0.884,0.932,0.979
K86+525,0.875,0.191,3.902,-6.518,6.435,0.253,0.789,0.837,0.884,0.932,0.979,0.253,0.789,0.837,0.884,0.932,0.979
K86+550,0.914,0.610,3.868,-6.176,6.665,0.253,0.789,0.837,0.884,0.932,0.979,0.253,0.789,0.837,0.884,0.932,0.979
K86+575,1.150,0.452,3.853,-6.122,6.626,0.253,0.789,0.837,0.884,0.932,0.979,0.253,0.789,0.837,0.884,0.932,0.979
K86+600,2.115,0.126,3.970,-6.345,6.732,0.253,0.789,0.837,0.884,0.932,0.979,0.253,0.789,0.837,0.884,0.932,0.979
K86+625,2.131,0.052,4.052,-6.683,6.694,0.253,0.789,0.837,0.884,0.932,0.979,0.253,0.789,0.837,0.884,0.932,0.979
K86+650,1.758,0.246,3.932,-6.243,6.710,0.253,0.789,0.837,0.884,0.932,0.979,0.253,0.789,0.837,0.884,0.932,0.979
K86+675,2.390,0.317,3.979,-5.950,7.196,0.253,0.789,0.837,0.884,0.932,0.979,0.253,0.789,0.837,0.884,0.932,0.979
K86+700,1.433,0.052,4.043,-6.575,6.843,0.253,0.789,0.837,0.884,0.932,0.979,0.253,0.789,0.837,0.884,0.932,0.979
K86+725,5.693,0.084,4.386,-6.480,7.394,0.253,0.789,0.837,0.884,0.932,0.979,0.253,0.789,0.837,0.884,0.932,0.979
K86+750,8.745,0.000,5.205,-9.557,7.656,0.253,0.789,0.837,0.884,0.932,0.979,0.253,0.789,0.837,0.884,0.932,0.979
K86+775,8.604,0.106,5.927,-9.559,10.057,0.253,0.789,0.837,0.884,0.932,0.979,0.253,0.789,0.837,0.884,0.932,0.979
K86+800,11.131,0.000,5.604,-8.201,10.294,0.253,0.789,0.837,0.884,0.932,0.979,0.253,0.789,0.837,0.884,0.932,0.979
K86+825,13.558,0.000,6.210,-10.139,10.475,0.253,0.789,0.837,0.884,0.932,0.979,0.253,0.789,0.837,0.884,0.932,0.979
K86+850,15.253,0.000,6.143,-10.095,10.354,0.253,0.789,0.837,0.884,0.932,0.979,0.253,0.789,0.837,0.884,0.932,0.979
K86+875,15.538,0.000,6.342,-10.379,10.533,0.253,0.789,0.837,0.884,0.932,0.979,0.253,0.789,0.837,0.884,0.932,0.979
K86+900,17.002,0.000,6.444,-10.624,10.586,0.253,0.789,0.837,0.884,0.932,0.979,0.253,0.789,0.837,0.884,0.932,0.979
K86+925,17.280,0.000,6.328,-10.456,10.538,0.253,0.789,0.837,0.884,0.932,0.979,0.253,0.789,0.837,0.884,0.932,0.979
K86+950,18.170,0.000,6.483,-10.876,10.577,0.253,0.789,0.837,0.884,0.932,0.979,0.253,0.789,0.837,0.884,0.932,0.979
K86+975,19.020,0.000,6.191,-10.123,10.039,0.253,0.789,0.837,0.884,0.932,0.979,0.253,0.789,0.837,0.884,0.932,0.979
K87+000,11.465,0.000,6.224,-10.261,10.233,0.253,0.789,0.837,0.884,0.932,0.979,0.253,0.789,0.837,0.884,0.932,0.979
K87+025,25.172,0.000,6.758,-10.922,11.497,0.253,0.789,0.837,0.884,0.932,0.979,0.253,0.789,0.837,0.884,0.932,0.979
K87+050,24.133,0.000,6.678,-10.778,11.430,0.253,0.789,0.837,0.884,0.932,0.979,0.253,0.789,0.837,0.884,0.932,0.979
K87+075,23.184,0.000,6.608,-10.389,11.497,0.253,0.789,0.837,0.884,0.932,0.979,0.253,0.789,0.837,0.884,0.932,0.979
K87+100,19.828,0.000,6.338,-10.094,10.946,0.253,0.789,0.837,0.884,0.932,0.979,0.253,0.789,0.837,0.884,0.932,0.979
K87+125,18.559,0.000,6.464,-10.226,11.108,0.253,0.789,0.837,0.884,0.932,0.979,0.253,0.789,0.837,0.884,0.932,0.979
K87+150,16.666,0.000,6.347,-10.002,11.085,0.253,0.789,0.837,0.884,0.932,0.979,0.253,0.789,0.837,0.884,0.932,0.979
K87+175,17.233,0.000,6.396,-10.090,11.083,0.253,0.789,0.837,0.884,0.932,0.979,0.253,0.789,0.837,0.884,0.932,0.979
K87+200,16.651,0.000,6.247,-10.097,10.661,0.253,0.789,0.837,0.884,0.932,0.979,0.253,0.789,0.837,0.884,0.932,0.979
K87+225,18.652,0.000,6.459,-10.092,11.114,0.253,0.789,0.837,0.884,0.932,0.979,0.253,0.789,0.837,0.884,0.932,0.979
K87+250,16.507,0.000,6.477,-10.208,11.014,0.253,0.789,0.837,0.884,0.932,0.979,0.253,0.789,0.837,0.884,0.932,0.979
K87+275,16.387,0.000,6.423,-10.142,10.912,0.253,0.789,0.837,0.884,0.932,0.979,0.253,0.789,0.837,0.884,0.932,0.979
K87+300,18.007,0.000,6.471,-10.413,10.872,0.253,0.789,0.837,0.884,0.932,0.979,0.253,0.789,0.837,0.884,0.932,0.979
K87+325,15.216,0.001,6.528,-10.620,10.712,0.253,0.789,0.837,0.884,0.932,0.979,0.253,0.789,0.837,0.884,0.932,0.979
K87+350,12.131,0.000,5.755,-8.046,10.901,0.253,0.789,0.837,0.884,0.932,0.979,0.253,0.789,0.837,0.884,0.932,0.979
K87+375,13.286,0.000,6.449,-10.404,10.987,0.253,0.789,0.837,0.884,0.932,0.979,0.253,0.789,0.837,0.884,0.932,0.979
K87+400,14.892,0.000,6.966,-10.587,11.402,0.253,0.789,0.837,0.884,0.932,0.979,0.253,0.789,0.837,0.884,0.932,0.979
K87+425,8.502,0.037,6.187,-10.272,10.242,0.253,0.789,0.837,0.884,0.932,0.979,0.253,0.789,0.837,0.884,0.932,0.979
K87+450,10.591,0.000,6.276,-10.080,10.755,0.253,0.789,0.837,0.884,0.932,0.979,0.253,0.789,0.837,0.884,0.932,0.979
K87+475,9.522,0.000,6.218,-10.092,10.548,0.253,0.789,0.837,0.884,0.932,0.979,0.253,0.789,0.837,0.884,0.932,0.979
K87+500,10.202,0.000,5.322,-9.972,7.725,0.253,0.789,0.837,0.884,0.932,0.979,0.253,0.789,0.837,0.884,0.932,0.979
K87+525,41.468,0.000,7.531,-12.554,12.430,0.253,0.789,0.837,0.884,0.932,0.979,0.253,0.789,0.837,0.884,0.932,0.979
K87+550,41.403,0.000,7.388,-12.478,11.991,0.253,0.789,0.837,0.884,0.932,0.979,0.253,0.789,0.837,0.884,0.932,0.979
K87+575,43.126,0.000,7.532,-12.568,12.416,0.253,0.789,0.837,0.884,0.932,0.979,0.253,0.789,0.837,0.884,0.932,0.979
K87+600,43.207,0.000,7.520,-12.514,12.406,0.253,0.789,0.837,0.884,0.932,0.979,0.253,0.789,0.837,0.884,0.932,0.979
K87+625,45.215,0.000,7.623,-12.567,12.762,0.253,0.789,0.837,0.884,0.932,0.979,0.253,0.789,0.837,0.884,0.932,0.979
K87+650,44.867,0.000,7.520,-12.365,12.642,0.253,0.789,0.837,0.884,0.932,0.979,0.253,0.789,0.837,0.884,0.932,0.979
K87+675,41.192,0.000,7.414,-12.338,12.198,0.253,0.789,0.837,0.884,0.932,0.979,0.253,0.789,0.837,0.884,0.932,0.979
K87+700,38.647,0.000,7.371,-12.118,12.253,0.253,0.789,0.837,0.884,0.932,0.979,0.253,0.789,0.837,0.884,0.932,0.979
K87+725,35.803,0.000,7.324,-12.063,12.257,0.253,0.789,0.837,0.884,0.932,0.979,0.253,0.789,0.837,0.884,0.932,0.979
K87+750,36.860,0.000,7.291,-11.670,12.563,0.253,0.789,0.837,0.884,0.932,0.979,0.253,0.789,0.837,0.884,0.932,0.979
K87+775,35.919,0.000,7.150,-11.524,12.203,0.253,0.789,0.837,0.884,0.932,0.979,0.253,0.789,0.837,0.884,0.932,0.979
K87+800,36.281,0.000,7.324,-12.036,12.243,0.253,0.789,0.837,0.884,0.932,0.979,0.253,0.789,0.837,0.884,0.932,0.979
K87+825,36.171,0.000,7.190,-11.680,12.137,0.253,0.789,0.837,0.884,0.932,0.979,0.253,0.789,0.837,0.884,0.932,0.979
K87+850,33.579,0.000,7.110,-11.455,11.851,0.253,0.789,0.837,0.884,0.932,0.979,0.253,0.789,0.837,0.884,0.932,0.979
K87+875,33.950,0.000,7.120,-11.704,11.897,0.253,0.789,0.837,0.884,0.932,0.979,0.253,0.789,0.837,0.884,0.932,0.979
K87+900,30.194,0.000,6.560,-9.559,11.961,0.253,0.789,0.837,0.884,0.932,0.979,0.253,0.789,0.837,0.884,0.932,0.979
K87+925,34.544,0.000,7.188,-12.085,11.820,0.253,0.789,0.837,0.884,0.932,0.979,0.253,0.789,0.837,0.884,0.932,0.979
K87+950,33.881,0.000,7.182,-11.726,11.934,0.253,0.789,0.837,0.884,0.932,0.979,0.253,0.789,0.837,0.884,0.932,0.979
K87+975,29.642,0.000,7.123,-11.656,11.739,0.253,0.789,0.837,0.884,0.932,0.979,0.253,0.789,0.837,0.884,0.932,0.979
K88+000,30.162,0.000,6.849,-11.488,10.920,0.253,0.789,0.837,0.884,0.932,0.979,0.253,0.789,0.837,0.884,0.932,0.979
K88+025,22.473,0.000,6.789,-10.729,11.220,0.253,0.789,0.837,0.884,0.932,0.979,0.253,0.789,0.837,0.884,0.932,0.979
K88+050,22.615,0.000,6.766,-11.076,11.192,0.253,0.789,0.837,0.884,0.932,0.979,0.253,0.789,0.837,0.884,0.932,0.979
K88+075,21.396,0.000,6.743,-10.665,11.260,0.253,0.789,0.837,0.884,0.932,0.979,0.253,0.789,0.837,0.884,0.932,0.979
K88+100,21.554,0.000,6.658,-10.669,11.209,0.253,0.789,0.837,0.884,0.932,0.979,0.253,0.789,0.837,0.884,0.932,0.979
K88+125,21.447,0.000,6.533,-10.783,10.752,0.253,0.789,0.837,0.884,0.932,0.979,0.253,0.789,0.837,0.884,0.932,0.979
K88+150,20.953,0.000,6.561,-10.595,10.904,0.253,0.789,0.837,0.884,0.932,0.979,0.253,0.789,0.837,0.884,0.932,0.979
K88+175,19.418,0.000,6.616,-10.842,10.842,0.253,0.789,0.837,0.884,0.932,0.979,0.253,0.789,0.837,0.884,0.932,0.979
K88+200,19.471,0.000,6.552,-10.739,10.917,0.253,0.789,0.837,0.884,0.932,0.979,0.253,0.789,0.837,0.884,0.932,0.979
K88+225,19.693,0.000,6.658,-11.167,10.791,0.253,0.789,0.837,0.884,0.932,0.979,0.253,0.789,0.837,0.884,0.932,0.979
K88+250,21.174,0.000,6.526,-10.718,10.972,0.253,0.789,0.837,0.884,0.932,0.979,0.253,0.789,0.837,0.884,0.932,0.979
K88+275,22.036,0.000,6.641,-10.971,11.010,0.253,0.789,0.837,0.884,0.932,0.979,0.253,0.789,0.837,0.884,0.932,0.979
K88+300,21.987,0.000,6.427,-10.457,10.903,0.253,0.789,0.837,0.884,0.932,0.979,0.253,0.789,0.837,0.884,0.932,0.979
K88+325,23.047,0.000,6.349,-10.246,10.840,0.253,0.789,0.837,0.884,0.932,0.979,0.253,0.789,0.837,0.884,0.932,0.979
K88+350,23.502,0.000,6.486,-10.519,10.937,0.253,0.789,0.837,0.884,0.932,0.979,0.253,0.789,0.837,0.884,0.932,0.979
K88+375,24.334,0.000,6.510,-10.533,11.094,0.253,0.789,0.837,0.884,0.932,0.979,0.253,0.789,0.837,0.884,0.932,0.979
K88+400,24.401,0.000,6.486,-10.520,11.039,0.253,0.789,0.837,0.884,0.932,0.979,0.253,0.789,0.837,0.884,0.932,0.979
K88+425,25.211,0.000,6.331,-10.202,10.717,0.253,0.789,0.837,0.884,0.932,0.979,0.253,0.789,0.837,0.884,0.932,0.979
K88+450,27.360,0.000,6.632,-10.705,11.367,0.253,0.789,0.837,0.884,0.932,0.979,0.253,0.789,0.837,0.884,0.932,0.979
K88+475,29.907,0.000,6.684,-10.731,11.471,0.253,0.789,0.837,0.884,0.932,0.979,0.253,0.789,0.837,0.884,0.932,0.979
K88+500,31.730,0.000,6.775,-10.859,11.641,0.253,0.789,0.837,0.884,0.932,0.979,0.253,0.789,0.837,0.884,0.932,0.979
K88+525,33.090,0.000,7.253,-12.017,11.649,0.253,0.789,0.837,0.884,0.932,0.979,0.253,0.789,0.837,0.884,0.932,0.979
K88+550,33.135,0.000,7.146,-11.961,11.657,0.253,0.789,0.837,0.884,0.932,0.979,0.253,0.789,0.837,0.884,0.932,0.979
K88+575,33.636,0.000,7.035,-11.911,11.228,0.253,0.789,0.837,0.884,0.932,0.979,0.253,0.789,0.837,0.884,0.932,0.979
K88+600,34.506,0.000,7.019,-11.782,11.543,0.253,0.789,0.837,0.884,0.932,0.979,0.253,0.789,0.837,0.884,0.932,0.979
K88+625,27.481,0.000,6.788,-11.091,11.009,0.253,0.789,0.837,0.884,0.932,0.979,0.253,0.789,0.837,0.884,0.932,0.979
K88+650,34.581,0.000,7.055,-11.849,11.634,0.253,0.789,0.837,0.884,0.932,0.979,0.253,0.789,0.837,0.884,0.932,0.979
K88+675,37.340,0.000,7.225,-11.801,12.207,0.253,0.789,0.837,0.884,0.932,0.979,0.253,0.789,0.837,0.884,0.932,0.979
K88+700,37.552,0.000,7.296,-11.942,12.281,0.253,0.789,0.837,0.884,0.932,0.979,0.253,0.789,0.837,0.884,0.932,0.979
K88+725,23.885,0.000,6.837,-11.304,11.327,0.253,0.789,0.837,0.884,0.932,0.979,0.253,0.789,0.837,0.884,0.932,0.979
K88+750,23.328,0.000,6.912,-11.181,11.649,0.253,0.789,0.837,0.884,0.932,0.979,0.253,0.789,0.837,0.884,0.932,0.979
K88+775,23.304,0.000,6.939,-11.222,11.687,0.253,0.789,0.837,0.884,0.932,0.979,0.253,0.789,0.837,0.884,0.932,0.979
K88+800,24.410,0.000,7.124,-11.559,11.878,0.253,0.789,0.837,0.884,0.932,0.979,0.253,0.789,0.837,0.884,0.932,0.979
K88+825,24.876,0.000,7.139,-11.685,11.825,0.253,0.789,0.837,0.884,0.932,0.979,0.253,0.789,0.837,0.884,0.932,0.979
K88+850,23.797,0.000,7.148,-11.680,11.875,0.253,0.789,0.837,0.884,0.932,0.979,0.253,0.789,0.837,0.884,0.932,0.979
K88+875,21.448,0.000,7.237,-11.957,11.787,0.253,0.789,0.837,0.884,0.932,0.979,0.253,0.789,0.837,0.884,0.932,0.979
K88+900,26.295,0.000,7.276,-11.986,11.877,0.253,0.789,0.837,0.884,0.932,0.979,0.253,0.789,0.837,0.884,0.932,0.979
K88+925,23.090,0.000,7.160,-11.872,11.639,0.253,0.789,0.837,0.884,0.932,0.979,0.253,0.789,0.837,0.884,0.932,0.979
K88+950,20.365,0.000,7.103,-11.693,11.597,0.253,0.789,0.837,0.884,0.932,0.979,0.253,0.789,0.837,0.884,0.932,0.979
K88+975,19.545,0.000,7.058,-11.528,11.503,0.253,0.789,0.837,0.884,0.932,0.979,0.253,0.789,0.837,0.884,0.932,0.979
K89+000,18.910,0.000,7.018,-11.417,11.555,0.253,0.789,0.837,0.884,0.932,0.979,0.253,0.789,0.837,0.884,0.932,0.979
K89+025,26.168,0.000,7.481,-11.477,11.960,0.253,0.789,0.837,0.884,0.932,0.979,0.253,0.789,0.837,0.884,0.932,0.979
K89+050,15.527,0.000,6.817,-11.297,11.104,0.253,0.789,0.837,0.884,0.932,0.979,0.253,0.789,0.837,0.884,0.932,0.979
K89+075,13.297,0.148,6.951,-11.156,11.591,0.253,0.789,0.837,0.884,0.932,0.979,0.253,0.789,0.837,0.884,0.932,0.979
K89+100,13.779,0.000,6.857,-11.165,11.227,0.253,0.789,0.837,0.884,0.932,0.979,0.253,0.789,0.837,0.884,0.932,0.979
K89+125,13.694,0.000,6.903,-11.160,11.408,0.253,0.789,0.837,0.884,0.932,0.979,0.253,0.789,0.837,0.884,0.932,0.979
K89+150,9.134,0.000,6.620,-10.406,11.402,0.253,0.789,0.837,0.884,0.932,0.979,0.253,0.789,0.837,0.884,0.932,0.979
K89+175,18.079,0.000,6.853,-11.289,11.262,0.253,0.789,0.837,0.884,0.932,0.979,0.253,0.789,0.837,0.884,0.932,0.979
K89+200,18.913,0.000,6.947,-11.411,11.419,0.253,0.789,0.837,0.884,0.932,0.979,0.253,0.789,0.837,0.884,0.932,0.979
K89+225,17.532,0.000,7.045,-11.528,11.579,0.253,0.789,0.837,0.884,0.932,0.979,0.253,0.789,0.837,0.884,0.932,0.979
K89+250,23.586,0.000,7.277,-11.804,12.215,0.253,0.789,0.837,0.884,0.932,0.979,0.253,0.789,0.837,0.884,0.932,0.979
K89+275,20.367,0.000,6.890,-11.194,11.562,0.253,0.789,0.837,0.884,0.932,0.979,0.253,0.789,0.837,0.884,0.932,0.979
K89+300,23.738,0.000,7.018,-11.639,11.601,0.253,0.789,0.837,0.884,0.932,0.979,0.253,0.789,0.837,0.884,0.932,0.979
K89+325,23.969,0.000,7.136,-11.612,11.895,0.253,0.789,0.837,0.884,0.932,0.979,0.253,0.789,0.837,0.884,0.932,0.979
K89+350,19.809,0.000,6.888,-11.186,11.591,0.253,0.789,0.837,0.884,0.932,0.979,0.253,0.789,0.837,0.884,0.932,0.979
K89+375,24.325,0.000,6.984,-10.943,11.953,0.253,0.789,0.837,0.884,0.932,0.979,0.253,0.789,0.837,0.884,0.932,0.979
K89+400,24.242,0.000,6.733,-10.239,12.005,0.253,0.788,0.833,0.879,0.924,0.970,0.253,0.789,0.837,0.884,0.932,0.979
K89+425,24.135,0.000,6.820,-11.145,11.398,0.252,0.786,0.829,0.872,0.915,0.958,0.253,0.791,0.839,0.888,0.936,0.985
K89+450,24.235,0.000,6.689,-10.792,11.258,0.252,0.784,0.825,0.866,0.906,0.947,0.253,0.792,0.842,0.892,0.943,0.993
K89+475,22.815,0.000,6.660,-11.172,10.687,0.252,0.784,0.825,0.865,0.906,0.947,0.253,0.792,0.842,0.893,0.943,0.993
K89+500,24.998,0.000,6.801,-11.301,11.249,0.252,0.784,0.825,0.865,0.906,0.947,0.253,0.792,0.842,0.893,0.943,0.993
K89+525,21.965,0.000,6.609,-10.951,10.901,0.252,0.784,0.825,0.865,0.906,0.947,0.253,0.792,0.842,0.893,0.943,0.993
K89+550,23.984,0.000,6.295,-10.456,10.396,0.252,0.785,0.826,0.868,0.910,0.952,0.253,0.791,0.841,0.890,0.940,0.989
K89+575,26.816,0.000,6.428,-10.563,10.739,0.252,0.787,0.831,0.875,0.919,0.963,0.253,0.790,0.838,0.886,0.934,0.982
K89+600,27.856,0.000,6.465,-10.614,10.812,0.253,0.789,0.836,0.882,0.929,0.975,0.253,0.789,0.837,0.884,0.932,0.979
K89+625,29.076,0.000,6.634,-10.840,11.133,0.253,0.789,0.837,0.884,0.932,0.979,0.253,0.789,0.837,0.884,0.932,0.979
K89+650,29.758,0.000,6.996,-10.979,12.015,0.253,0.789,0.837,0.884,0.932,0.979,0.253,0.789,0.837,0.884,0.932,0.979
K89+675,30.391,0.000,6.914,-11.173,11.581,0.253,0.789,0.837,0.884,0.932,0.979,0.253,0.789,0.837,0.884,0.932,0.979
K89+700,29.531,0.000,7.052,-11.551,11.736,0.253,0.789,0.837,0.884,0.932,0.979,0.253,0.789,0.836,0.882,0.929,0.975
K89+725,30.048,0.000,7.329,-11.474,12.617,0.253,0.790,0.838,0.886,0.934,0.982,0.252,0.787,0.831,0.875,0.919,0.963
K89+750,27.212,0.000,7.238,-11.028,12.710,0.253,0.791,0.841,0.890,0.940,0.989,0.252,0.785,0.827,0.868,0.910,0.952
K89+775,25.445,0.000,7.064,-10.858,12.336,0.253,0.792,0.842,0.893,0.943,0.993,0.252,0.784,0.825,0.865,0.906,0.947
K89+800,19.893,0.000,6.739,-9.942,12.057,0.253,0.792,0.842,0.893,0.943,0.993,0.252,0.784,0.825,0.865,0.906,0.947
K89+825,16.771,0.000,6.550,-9.960,11.648,0.253,0.792,0.842,0.893,0.943,0.993,0.252,0.784,0.825,0.865,0.906,0.947
K89+850,13.176,0.000,6.331,-9.742,11.169,0.253,0.791,0.840,0.889,0.938,0.987,0.252,0.785,0.828,0.870,0.913,0.955
K89+875,9.034,0.161,5.994,-9.401,10.416,0.253,0.790,0.837,0.885,0.932,0.980,0.252,0.787,0.832,0.877,0.922,0.967
K89+900,4.715,0.803,5.843,-9.182,10.117,0.253,0.789,0.837,0.884,0.932,0.979,0.253,0.789,0.837,0.884,0.932,0.979
K89+925,2.440,0.000,4.106,-6.694,6.928,0.253,0.789,0.836,0.883,0.930,0.977,0.253,0.789,0.837,0.884,0.932,0.979
K89+950,1.074,0.304,4.011,-6.662,6.674,0.252,0.787,0.831,0.876,0.920,0.965,0.253,0.790,0.838,0.885,0.933,0.981
K89+975,0.436,1.781,4.425,-8.064,6.425,0.252,0.785,0.827,0.869,0.911,0.953,0.253,0.791,0.841,0.890,0.940,0.989
K90+000,0.544,2.032,4.914,-9.833,6.145,0.252,0.784,0.824,0.864,0.904,0.945,0.253,0.793,0.844,0.895,0.946,0.997
K90+025,0.030,2.333,3.794,-6.630,5.931,0.252,0.784,0.824,0.864,0.904,0.945,0.253,0.793,0.844,0.895,0.946,0.997
K90+050,0.005,2.371,3.647,-6.264,5.815,0.252,0.784,0.825,0.866,0.906,0.947,0.253,0.792,0.843,0.893,0.944,0.994
K90+075,0.209,1.606,3.744,-6.448,5.953,0.252,0.786,0.829,0.872,0.915,0.958,0.253,0.791,0.839,0.888,0.937,0.986
K90+100,0.521,1.395,3.713,-6.428,5.835,0.253,0.788,0.833,0.879,0.924,0.970,0.253,0.789,0.837,0.884,0.932,0.979
K90+125,0.787,0.971,3.744,-6.600,5.710,0.253,0.789,0.837,0.884,0.932,0.979,0.253,0.789,0.837,0.884,0.932,0.979
K90+150,1.420,0.782,4.068,-7.396,6.039,0.253,0.789,0.837,0.884,0.932,0.979,0.253,0.789,0.837,0.884,0.932,0.979
K90+175,2.895,0.298,4.388,-7.948,6.505,0.253,0.789,0.837,0.884,0.932,0.979,0.253,0.789,0.837,0.884,0.932,0.979
K90+200,4.213,0.128,4.374,-7.605,6.751,0.253,0.789,0.837,0.884,0.932,0.979,0.253,0.789,0.837,0.884,0.932,0.979
K90+225,5.430,0.000,4.889,-9.415,6.781,0.253,0.789,0.837,0.884,0.932,0.979,0.253,0.789,0.837,0.884,0.932,0.979
K90+250,8.063,0.000,5.415,-10.629,6.987,0.253,0.789,0.837,0.884,0.932,0.979,0.253,0.789,0.837,0.884,0.932,0.979
K90+275,8.691,0.000,4.947,-9.281,7.132,0.253,0.789,0.837,0.884,0.932,0.979,0.253,0.789,0.837,0.884,0.932,0.979
K90+300,13.350,0.000,5.544,-10.630,7.306,0.253,0.789,0.837,0.884,0.932,0.979,0.253,0.789,0.837,0.884,0.932,0.979
K90+325,16.052,0.000,5.409,-10.451,7.359,0.253,0.789,0.837,0.884,0.932,0.979,0.253,0.789,0.837,0.884,0.932,0.979
K90+350,17.801,0.000,6.368,-10.481,10.430,0.253,0.789,0.837,0.884,0.932,0.979,0.253,0.789,0.837,0.884,0.932,0.979
K90+375,16.687,0.030,6.630,-11.276,10.403,0.253,0.789,0.837,0.884,0.932,0.979,0.253,0.789,0.837,0.884,0.932,0.979
K90+400,15.978,0.073,6.452,-11.035,10.113,0.253,0.789,0.837,0.884,0.932,0.979,0.253,0.789,0.837,0.884,0.932,0.979
K90+425,17.809,0.015,6.509,-10.728,10.676,0.253,0.789,0.837,0.884,0.932,0.979,0.253,0.789,0.837,0.884,0.932,0.979
K90+450,18.162,0.052,6.358,-10.433,10.546,0.253,0.789,0.837,0.884,0.932,0.979,0.253,0.789,0.837,0.884,0.932,0.979
K90+475,18.051,0.202,6.602,-10.804,10.850,0.253,0.789,0.837,0.884,0.932,0.979,0.253,0.789,0.837,0.884,0.932,0.979
K90+500,17.105,0.000,6.527,-10.667,10.553,0.253,0.789,0.837,0.884,0.932,0.979,0.253,0.789,0.837,0.884,0.932,0.979
K90+525,17.944,0.001,6.463,-10.605,10.751,0.253,0.789,0.837,0.884,0.932,0.979,0.253,0.789,0.837,0.884,0.932,0.979
K90+550,17.125,0.032,6.437,-10.474,10.677,0.253,0.789,0.837,0.884,0.932,0.979,0.253,0.789,0.837,0.884,0.932,0.979
K90+575,17.337,0.039,6.611,-10.534,10.976,0.253,0.789,0.837,0.884,0.932,0.979,0.253,0.789,0.837,0.884,0.932,0.979
K90+600,17.550,0.000,6.488,-10.266,11.066,0.253,0.789,0.837,0.884,0.932,0.979,0.253,0.789,0.837,0.884,0.932,0.979
K90+625,18.289,0.012,6.615,-10.665,11.119,0.253,0.789,0.837,0.884,0.932,0.979,0.253,0.789,0.837,0.884,0.932,0.979
K90+650,19.981,0.000,6.747,-11.092,11.156,0.253,0.789,0.837,0.884,0.932,0.979,0.253,0.789,0.837,0.884,0.932,0.979
K90+675,20.139,0.000,6.662,-10.745,11.201,0.253,0.789,0.837,0.884,0.932,0.979,0.253,0.789,0.837,0.884,0.932,0.979
K90+700,21.240,0.000,6.786,-11.056,11.334,0.253,0.789,0.837,0.884,0.932,0.979,0.253,0.789,0.837,0.884,0.932,0.979
K90+725,21.811,0.000,6.842,-11.226,11.295,0.253,0.789,0.837,0.884,0.932,0.979,0.253,0.789,0.837,0.884,0.932,0.979
K90+750,23.063,0.000,6.898,-11.452,11.275,0.253,0.789,0.837,0.884,0.932,0.979,0.253,0.789,0.837,0.884,0.932,0.979
K90+775,23.128,0.000,6.864,-11.268,11.316,0.253,0.789,0.837,0.884,0.932,0.979,0.253,0.789,0.837,0.884,0.932,0.979
K90+800,22.408,0.000,6.893,-11.470,11.185,0.253,0.789,0.837,0.884,0.932,0.979,0.253,0.789,0.837,0.884,0.932,0.979
K90+825,19.784,0.000,7.005,-11.618,11.327,0.253,0.789,0.837,0.884,0.932,0.979,0.253,0.789,0.837,0.884,0.932,0.979
K90+850,19.715,0.000,7.020,-11.729,11.317,0.253,0.789,0.837,0.884,0.932,0.979,0.253,0.789,0.837,0.884,0.932,0.979
K90+875,18.292,0.000,7.044,-11.780,11.375,0.253,0.789,0.837,0.884,0.932,0.979,0.253,0.789,0.837,0.884,0.932,0.979
K90+900,18.341,0.000,7.060,-11.681,11.474,0.253,0.789,0.837,0.884,0.932,0.979,0.253,0.789,0.837,0.884,0.932,0.979
K90+925,20.566,0.000,7.068,-11.737,11.531,0.253,0.789,0.837,0.884,0.932,0.979,0.253,0.789,0.837,0.884,0.932,0.979
K90+950,22.148,0.000,7.118,-11.929,11.495,0.253,0.789,0.837,0.884,0.932,0.979,0.253,0.789,0.837,0.884,0.932,0.979
K90+975,24.247,0.000,7.160,-11.921,11.659,0.253,0.789,0.837,0.884,0.932,0.979,0.253,0.789,0.837,0.884,0.932,0.979
K91+000,23.741,0.000,7.150,-11.979,11.565,0.253,0.789,0.837,0.884,0.932,0.979,0.253,0.789,0.837,0.884,0.932,0.979
K91+025,24.864,0.000,7.256,-12.068,11.745,0.253,0.789,0.837,0.884,0.932,0.979,0.253,0.789,0.837,0.884,0.932,0.979
K91+050,25.108,0.000,7.241,-11.980,11.773,0.253,0.789,0.837,0.884,0.932,0.979,0.253,0.789,0.837,0.884,0.932,0.979
K91+075,24.581,0.000,7.407,-11.985,12.233,0.253,0.789,0.837,0.884,0.932,0.979,0.253,0.789,0.837,0.884,0.932,0.979
K91+100,26.296,0.000,7.436,-12.165,12.265,0.253,0.789,0.837,0.884,0.932,0.979,0.253,0.789,0.837,0.884,0.932,0.979
K91+125,27.513,0.000,7.464,-12.166,12.217,0.253,0.789,0.837,0.884,0.932,0.979,0.253,0.789,0.837,0.884,0.932,0.979
K91+150,26.910,0.000,7.398,-12.021,12.164,0.253,0.789,0.837,0.884,0.932,0.979,0.253,0.789,0.837,0.884,0.932,0.979
K91+175,28.355,0.000,7.414,-12.207,12.127,0.253,0.789,0.837,0.884,0.932,0.979,0.253,0.789,0.837,0.884,0.932,0.979
K91+200,29.339,0.000,7.297,-12.225,11.851,0.253,0.789,0.837,0.884,0.932,0.979,0.253,0.789,0.837,0.884,0.932,0.979
K91+225,26.717,0.000,7.036,-12.213,11.113,0.253,0.789,0.837,0.884,0.932,0.979,0.253,0.789,0.837,0.884,0.932,0.979
K91+250,29.286,0.000,7.668,-12.205,12.932,0.253,0.789,0.837,0.884,0.932,0.979,0.253,0.789,0.837,0.884,0.932,0.979
K91+275,28.901,0.000,7.760,-12.274,13.055,0.253,0.789,0.837,0.884,0.932,0.979,0.253,0.789,0.837,0.884,0.932,0.979
K91+300,27.013,0.000,7.396,-12.100,12.137,0.253,0.789,0.837,0.884,0.932,0.979,0.253,0.789,0.837,0.884,0.932,0.979
K91+325,24.974,0.000,7.505,-12.055,12.520,0.253,0.789,0.837,0.884,0.932,0.979,0.253,0.789,0.837,0.884,0.932,0.979
K91+350,22.669,0.000,7.553,-12.204,12.367,0.253,0.789,0.837,0.884,0.932,0.979,0.253,0.789,0.837,0.884,0.932,0.979
K91+375,26.715,0.000,7.453,-12.193,12.287,0.253,0.789,0.837,0.884,0.932,0.979,0.253,0.789,0.837,0.884,0.932,0.979
K91+400,28.436,0.000,7.695,-12.304,12.744,0.253,0.789,0.837,0.884,0.932,0.979,0.253,0.789,0.837,0.884,0.932,0.979
K91+425,28.350,0.000,7.531,-12.206,12.508,0.253,0.789,0.837,0.884,0.932,0.979,0.253,0.789,0.837,0.884,0.932,0.979
K91+450,29.101,0.000,7.573,-12.127,12.658,0.253,0.789,0.837,0.884,0.932,0.979,0.253,0.789,0.837,0.884,0.932,0.979
K91+475,30.142,0.000,7.556,-12.143,12.756,0.253,0.789,0.837,0.884,0.932,0.979,0.253,0.789,0.837,0.884,0.932,0.979
K91+500,30.625,0.000,7.576,-12.177,12.728,0.253,0.789,0.837,0.884,0.932,0.979,0.253,0.789,0.837,0.884,0.932,0.979
K91+525,28.347,0.000,7.426,-12.054,12.331,0.253,0.789,0.837,0.884,0.932,0.979,0.253,0.789,0.837,0.884,0.932,0.979
K91+550,29.091,0.000,7.368,-11.893,12.363,0.253,0.789,0.837,0.884,0.932,0.979,0.253,0.789,0.837,0.884,0.932,0.979
K91+575,29.322,0.000,7.434,-12.075,12.451,0.253,0.789,0.837,0.884,0.932,0.979,0.253,0.789,0.837,0.884,0.932,0.979
K91+600,28.663,0.000,7.382,-12.052,12.264,0.253,0.789,0.837,0.884,0.932,0.979,0.253,0.789,0.837,0.884,0.932,0.979
K91+625,26.138,0.000,7.306,-11.823,12.243,0.253,0.789,0.837,0.884,0.932,0.979,0.253,0.789,0.837,0.884,0.932,0.979
K91+650,26.690,0.000,7.434,-12.185,12.307,0.253,0.789,0.837,0.884,0.932,0.979,0.253,0.789,0.837,0.884,0.932,0.979
K91+675,26.574,0.000,7.206,-11.738,12.063,0.253,0.789,0.837,0.884,0.932,0.979,0.253,0.789,0.837,0.884,0.932,0.979
K91+700,28.797,0.000,7.342,-12.249,12.030,0.253,0.789,0.837,0.884,0.932,0.979,0.253,0.789,0.837,0.884,0.932,0.979
K91+725,28.199,0.000,7.273,-12.364,11.745,0.253,0.789,0.837,0.884,0.932,0.979,0.253,0.789,0.837,0.884,0.932,0.979
K91+750,30.392,0.000,7.390,-12.218,12.210,0.253,0.789,0.837,0.884,0.932,0.979,0.253,0.789,0.837,0.884,0.932,0.979
K91+775,30.405,0.000,7.412,-12.281,12.071,0.253,0.789,0.837,0.884,0.932,0.979,0.253,0.789,0.837,0.884,0.932,0.979
K91+800,30.937,0.000,7.279,-11.883,12.164,0.253,0.789,0.837,0.884,0.932,0.979,0.253,0.789,0.837,0.884,0.932,0.979
K91+825,30.022,0.000,7.365,-11.935,12.389,0.253,0.789,0.837,0.884,0.932,0.979,0.253,0.789,0.837,0.884,0.932,0.979
K91+850,33.128,0.000,7.481,-12.395,12.321,0.253,0.789,0.837,0.884,0.932,0.979,0.253,0.789,0.837,0.884,0.932,0.979
K91+875,34.377,0.000,7.551,-12.643,12.274,0.253,0.789,0.837,0.884,0.932,0.979,0.253,0.789,0.837,0.884,0.932,0.979
K91+900,35.117,0.000,7.596,-12.701,12.370,0.253,0.789,0.837,0.884,0.932,0.979,0.253,0.789,0.837,0.884,0.932,0.979
K91+925,35.491,0.000,7.619,-12.863,12.209,0.253,0.789,0.837,0.884,0.932,0.979,0.253,0.789,0.837,0.884,0.932,0.979
K91+950,37.010,0.000,7.571,-12.835,12.098,0.253,0.789,0.837,0.884,0.932,0.979,0.253,0.789,0.837,0.884,0.932,0.979
K91+975,37.312,0.000,7.599,-12.902,12.157,0.253,0.789,0.837,0.884,0.932,0.979,0.253,0.789,0.837,0.884,0.932,0.979
K92+000,38.145,0.000,7.741,-12.746,12.098,0.253,0.789,0.837,0.884,0.932,0.979,0.253,0.789,0.837,0.884,0.932,0.979
K92+025,35.373,0.000,7.439,-12.687,11.832,0.253,0.789,0.837,0.884,0.932,0.979,0.253,0.789,0.837,0.884,0.932,0.979
K92+050,36.581,0.000,7.540,-12.693,12.119,0.253,0.789,0.837,0.884,0.932,0.979,0.253,0.789,0.837,0.884,0.932,0.979
K92+075,36.895,0.000,7.583,-12.816,12.241,0.253,0.789,0.837,0.884,0.932,0.979,0.253,0.789,0.837,0.884,0.932,0.979
K92+100,35.788,0.000,7.582,-12.862,12.117,0.253,0.789,0.837,0.884,0.932,0.979,0.253,0.789,0.837,0.884,0.932,0.979
K92+125,36.531,0.000,7.600,-12.828,12.269,0.253,0.789,0.837,0.884,0.932,0.979,0.253,0.789,0.837,0.884,0.932,0.979
K92+150,36.039,0.000,7.643,-12.935,12.337,0.253,0.789,0.837,0.884,0.932,0.979,0.253,0.789,0.837,0.884,0.932,0.979
K92+175,35.593,0.000,7.626,-12.949,12.076,0.253,0.789,0.837,0.884,0.932,0.979,0.253,0.789,0.837,0.884,0.932,0.979
K92+200,35.711,0.000,7.476,-12.702,12.047,0.253,0.789,0.837,0.884,0.932,0.979,0.253,0.789,0.837,0.884,0.932,0.979
K92+225,35.471,0.000,7.488,-12.909,11.819,0.253,0.789,0.837,0.884,0.932,0.979,0.253,0.789,0.837,0.884,0.932,0.979
K92+250,34.838,0.000,7.430,-12.643,11.851,0.253,0.789,0.837,0.884,0.932,0.979,0.253,0.789,0.837,0.884,0.932,0.979
K92+275,30.415,0.000,7.141,-12.800,10.900,0.253,0.789,0.837,0.884,0.932,0.979,0.253,0.789,0.837,0.884,0.932,0.979
K92+300,30.461,0.000,7.492,-12.548,12.146,0.253,0.789,0.837,0.884,0.932,0.979,0.253,0.789,0.837,0.884,0.932,0.979
K92+325,34.107,0.000,7.477,-12.685,12.119,0.253,0.789,0.837,0.884,0.932,0.979,0.253,0.789,0.837,0.884,0.932,0.979
K92+350,36.953,0.000,7.586,-12.783,12.292,0.253,0.789,0.837,0.884,0.932,0.979,0.253,0.789,0.837,0.884,0.932,0.979
K92+375,38.467,0.000,7.605,-12.879,12.326,0.253,0.789,0.837,0.884,0.932,0.979,0.253,0.789,0.837,0.884,0.932,0.979
K92+400,39.382,0.000,7.594,-12.820,12.340,0.253,0.789,0.837,0.884,0.932,0.979,0.253,0.789,0.837,0.884,0.932,0.979
K92+425,38.812,0.000,7.581,-12.837,12.265,0.253,0.789,0.837,0.884,0.932,0.979,0.253,0.789,0.837,0.884,0.932,0.979
K92+450,38.187,0.000,7.498,-12.645,12.206,0.253,0.789,0.837,0.884,0.932,0.979,0.253,0.789,0.837,0.884,0.932,0.979
K92+475,38.943,0.000,7.614,-12.867,12.352,0.253,0.789,0.837,0.884,0.932,0.979,0.253,0.789,0.837,0.884,0.932,0.979
K92+500,38.298,0.000,7.611,-12.793,12.386,0.253,0.789,0.837,0.884,0.932,0.979,0.253,0.789,0.837,0.884,0.932,0.979
K92+525,38.117,0.000,7.647,-12.982,12.356,0.253,0.789,0.837,0.884,0.932,0.979,0.253,0.789,0.837,0.884,0.932,0.979
K92+550,36.991,0.000,7.553,-12.842,12.166,0.253,0.789,0.837,0.884,0.932,0.979,0.253,0.789,0.837,0.884,0.932,0.979
K92+575,37.081,0.000,7.618,-12.932,12.234,0.253,0.789,0.837,0.884,0.932,0.979,0.253,0.789,0.837,0.884,0.932,0.979
K92+600,36.714,0.000,7.595,-12.846,12.251,0.253,0.789,0.837,0.884,0.932,0.979,0.253,0.789,0.837,0.884,0.932,0.979
K92+625,36.690,0.000,7.594,-13.000,12.122,0.253,0.789,0.837,0.884,0.932,0.979,0.253,0.789,0.837,0.884,0.932,0.979
K92+650,35.074,0.000,7.730,-13.013,12.455,0.253,0.789,0.837,0.884,0.932,0.979,0.253,0.789,0.837,0.884,0.932,0.979
K92+675,34.368,0.000,7.676,-12.964,12.396,0.253,0.789,0.837,0.884,0.932,0.979,0.253,0.789,0.837,0.884,0.932,0.979
K92+700,43.030,0.000,8.157,-12.967,12.474,0.253,0.789,0.837,0.884,0.932,0.979,0.253,0.789,0.837,0.884,0.932,0.979
K92+725,34.038,0.000,7.626,-12.729,12.488,0.253,0.789,0.837,0.884,0.932,0.979,0.253,0.789,0.837,0.884,0.932,0.979
K92+750,34.306,0.000,7.646,-12.931,12.288,0.253,0.789,0.837,0.884,0.932,0.979,0.253,0.789,0.837,0.884,0.932,0.979
K92+775,35.263,0.000,7.700,-12.902,12.531,0.253,0.789,0.837,0.884,0.932,0.979,0.253,0.789,0.837,0.884,0.932,0.979
K92+800,33.354,0.000,7.464,-12.187,12.507,0.253,0.789,0.837,0.884,0.932,0.979,0.253,0.789,0.837,0.884,0.932,0.979
K92+825,32.173,0.000,7.486,-12.193,12.428,0.253,0.789,0.837,0.884,0.932,0.979,0.253,0.789,0.837,0.884,0.932,0.979
K92+850,34.715,0.000,7.622,-12.744,12.438,0.253,0.789,0.837,0.884,0.932,0.979,0.253,0.789,0.837,0.884,0.932,0.979
K92+875,34.867,0.000,7.569,-12.725,12.296,0.253,0.789,0.837,0.884,0.932,0.979,0.253,0.789,0.837,0.884,0.932,0.979
K92+900,34.243,0.000,7.460,-12.490,12.205,0.253,0.789,0.837,0.884,0.932,0.979,0.253,0.789,0.837,0.884,0.932,0.979
K92+925,37.472,0.000,7.539,-12.738,12.242,0.253,0.789,0.837,0.884,0.932,0.979,0.253,0.789,0.837,0.884,0.932,0.979
K92+950,39.164,0.000,7.475,-12.705,12.092,0.253,0.789,0.837,0.884,0.932,0.979,0.253,0.789,0.837,0.884,0.932,0.979
K92+975,39.754,0.000,7.423,-12.884,11.700,0.253,0.789,0.837,0.884,0.932,0.979,0.253,0.789,0.837,0.884,0.932,0.979
K93+000,39.800,0.000,7.408,-12.910,11.655,0.253,0.789,0.837,0.884,0.932,0.979,0.253,0.789,0.837,0.884,0.932,0.979
K93+025,40.736,0.000,7.467,-12.920,11.747,0.253,0.789,0.837,0.884,0.932,0.979,0.253,0.789,0.837,0.884,0.932,0.979
K93+050,44.761,0.000,7.793,-13.429,12.264,0.253,0.789,0.837,0.884,0.932,0.979,0.253,0.789,0.837,0.884,0.932,0.979
K93+075,46.770,0.000,7.811,-13.384,12.494,0.253,0.789,0.837,0.884,0.932,0.979,0.253,0.789,0.837,0.884,0.932,0.979
K93+100,46.286,0.000,7.744,-13.175,12.399,0.253,0.789,0.837,0.884,0.932,0.979,0.253,0.789,0.837,0.884,0.932,0.979
K93+125,44.187,0.000,7.608,-13.050,12.136,0.253,0.789,0.837,0.884,0.932,0.979,0.253,0.789,0.837,0.884,0.932,0.979
K93+150,43.627,0.000,7.595,-13.029,12.152,0.253,0.789,0.837,0.884,0.932,0.979,0.253,0.789,0.837,0.884,0.932,0.979
K93+175,44.229,0.000,7.576,-12.742,12.345,0.253,0.789,0.837,0.884,0.932,0.979,0.253,0.789,0.837,0.884,0.932,0.979
K93+200,43.572,0.000,7.557,-13.083,12.002,0.253,0.789,0.837,0.884,0.932,0.979,0.253,0.789,0.837,0.884,0.932,0.979
K93+225,42.690,0.000,7.614,-13.035,12.161,0.253,0.789,0.837,0.884,0.932,0.979,0.253,0.789,0.837,0.884,0.932,0.979
K93+250,41.429,0.000,7.551,-12.936,12.090,0.253,0.789,0.837,0.884,0.932,0.979,0.253,0.789,0.837,0.884,0.932,0.979
K93+275,38.991,0.000,7.426,-12.670,11.963,0.253,0.789,0.837,0.884,0.932,0.979,0.253,0.789,0.837,0.884,0.932,0.979
K93+300,37.332,0.000,7.291,-12.430,11.776,0.253,0.789,0.837,0.884,0.932,0.979,0.253,0.789,0.837,0.884,0.932,0.979
K93+325,34.603,0.000,7.160,-12.341,11.450,0.253,0.789,0.837,0.884,0.932,0.979,0.253,0.789,0.837,0.884,0.932,0.979
K93+350,32.512,0.000,7.106,-12.099,11.540,0.253,0.789,0.837,0.884,0.932,0.979,0.253,0.789,0.837,0.884,0.932,0.979
K93+375,30.703,0.000,7.101,-12.057,11.498,0.253,0.789,0.837,0.884,0.932,0.979,0.253,0.789,0.837,0.884,0.932,0.979
K93+400,32.537,0.000,7.194,-12.283,11.552,0.253,0.789,0.837,0.884,0.932,0.979,0.253,0.789,0.837,0.884,0.932,0.979
K93+425,32.069,0.000,7.158,-12.194,11.540,0.253,0.789,0.837,0.884,0.932,0.979,0.253,0.789,0.837,0.884,0.932,0.979
K93+450,30.578,0.000,7.159,-12.284,11.449,0.253,0.789,0.837,0.884,0.932,0.979,0.253,0.789,0.837,0.884,0.932,0.979
K93+475,28.737,0.000,7.129,-12.091,11.549,0.253,0.789,0.837,0.884,0.932,0.979,0.253,0.789,0.837,0.884,0.932,0.979
K93+500,25.561,0.000,7.169,-12.192,11.537,0.253,0.789,0.837,0.884,0.932,0.979,0.253,0.789,0.837,0.884,0.932,0.979
K93+525,25.094,0.000,7.083,-11.919,11.504,0.253,0.789,0.837,0.884,0.932,0.979,0.253,0.789,0.837,0.884,0.932,0.979
K93+550,26.881,0.000,7.064,-11.911,11.484,0.253,0.789,0.837,0.884,0.932,0.979,0.253,0.789,0.837,0.884,0.932,0.979
K93+575,26.204,0.000,7.113,-11.951,11.593,0.253,0.789,0.837,0.884,0.932,0.979,0.253,0.789,0.837,0.884,0.932,0.979
K93+600,27.528,0.000,7.134,-12.088,11.518,0.253,0.789,0.837,0.884,0.932,0.979,0.253,0.789,0.837,0.884,0.932,0.979
K93+625,27.456,0.000,7.124,-12.072,11.527,0.253,0.789,0.837,0.884,0.932,0.979,0.253,0.789,0.837,0.884,0.932,0.979
K93+650,27.108,0.000,7.152,-12.059,11.596,0.253,0.789,0.837,0.884,0.932,0.979,0.253,0.789,0.837,0.884,0.932,0.979
K93+675,28.059,0.000,7.157,-12.107,11.544,0.253,0.789,0.837,0.884,0.932,0.979,0.253,0.789,0.837,0.884,0.932,0.979
K93+700,26.980,0.000,7.068,-11.935,11.482,0.253,0.789,0.837,0.884,0.932,0.979,0.253,0.789,0.837,0.884,0.932,0.979
K93+725,26.559,0.000,7.013,-11.967,11.252,0.253,0.789,0.837,0.884,0.932,0.979,0.253,0.789,0.837,0.884,0.932,0.979
K93+750,25.270,0.000,7.113,-12.030,11.526,0.253,0.789,0.837,0.884,0.932,0.979,0.253,0.789,0.837,0.884,0.932,0.979
K93+775,21.579,0.000,7.083,-11.719,11.530,0.253,0.789,0.837,0.884,0.932,0.979,0.253,0.789,0.837,0.884,0.932,0.979
K93+800,23.393,0.000,6.950,-11.723,11.319,0.253,0.789,0.837,0.884,0.932,0.979,0.253,0.789,0.837,0.884,0.932,0.979
K93+825,23.968,0.000,7.056,-11.927,11.399,0.253,0.789,0.837,0.884,0.932,0.979,0.253,0.789,0.837,0.884,0.932,0.979
K93+850,22.932,0.000,7.041,-11.936,11.346,0.253,0.789,0.837,0.884,0.932,0.979,0.253,0.789,0.837,0.884,0.932,0.979
K93+875,22.647,0.000,7.024,-11.882,11.322,0.253,0.789,0.837,0.884,0.932,0.979,0.253,0.789,0.837,0.884,0.932,0.979
K93+900,21.323,0.000,6.979,-11.758,11.290,0.253,0.789,0.837,0.884,0.932,0.979,0.253,0.789,0.837,0.884,0.932,0.979
K93+925,21.013,0.000,7.002,-11.762,11.332,0.253,0.789,0.837,0.884,0.932,0.979,0.253,0.789,0.837,0.884,0.932,0.979
K93+950,21.618,0.000,7.008,-11.831,11.348,0.253,0.789,0.837,0.884,0.932,0.979,0.253,0.789,0.837,0.884,0.932,0.979
K93+975,20.790,0.000,7.036,-11.840,11.349,0.253,0.789,0.837,0.884,0.932,0.979,0.253,0.789,0.837,0.884,0.932,0.979
K94+000,20.808,0.000,7.015,-11.729,11.347,0.253,0.789,0.837,0.884,0.932,0.979,0.253,0.789,0.837,0.884,0.932,0.979
K94+025,19.899,0.000,6.952,-11.655,11.257,0.253,0.789,0.837,0.884,0.932,0.979,0.253,0.789,0.837,0.884,0.932,0.979
K94+050,17.757,0.000,6.938,-11.572,11.321,0.253,0.789,0.837,0.884,0.932,0.979,0.253,0.789,0.837,0.884,0.932,0.979
K94+075,19.716,0.000,6.928,-11.540,11.381,0.253,0.789,0.837,0.884,0.932,0.979,0.253,0.789,0.837,0.884,0.932,0.979
K94+100,22.305,0.000,6.949,-11.660,11.315,0.253,0.789,0.837,0.884,0.932,0.979,0.253,0.789,0.837,0.884,0.932,0.979
K94+125,21.914,0.000,7.035,-11.771,11.377,0.253,0.789,0.837,0.884,0.932,0.979,0.253,0.789,0.837,0.884,0.932,0.979
K94+150,21.237,0.000,7.072,-11.799,11.469,0.253,0.789,0.837,0.884,0.932,0.979,0.253,0.789,0.837,0.884,0.932,0.979
K94+175,21.628,0.000,7.076,-11.598,11.704,0.253,0.789,0.837,0.884,0.932,0.979,0.253,0.789,0.837,0.884,0.932,0.979
K94+200,23.637,0.000,7.214,-12.019,11.639,0.253,0.789,0.837,0.884,0.932,0.979,0.253,0.789,0.837,0.884,0.932,0.979
K94+225,23.374,0.000,7.194,-11.908,11.732,0.253,0.789,0.837,0.884,0.932,0.979,0.253,0.789,0.837,0.884,0.932,0.979
K94+250,23.884,0.000,7.279,-12.025,11.803,0.253,0.789,0.837,0.884,0.932,0.979,0.253,0.789,0.837,0.884,0.932,0.979
K94+275,24.331,0.000,7.331,-12.011,12.006,0.253,0.789,0.837,0.884,0.932,0.979,0.253,0.789,0.837,0.884,0.932,0.979
K94+300,23.697,0.000,7.332,-12.139,11.856,0.253,0.789,0.837,0.884,0.932,0.979,0.253,0.789,0.837,0.884,0.932,0.979
K94+325,26.023,0.000,7.210,-12.124,11.661,0.253,0.789,0.837,0.884,0.932,0.979,0.253,0.789,0.837,0.884,0.932,0.979
K94+350,24.966,0.000,7.276,-11.979,11.856,0.253,0.789,0.837,0.884,0.932,0.979,0.253,0.789,0.837,0.884,0.932,0.979
K94+375,25.291,0.000,7.269,-11.986,11.812,0.253,0.789,0.837,0.884,0.932,0.979,0.253,0.789,0.837,0.884,0.932,0.979
K94+400,25.546,0.000,7.236,-11.933,11.821,0.253,0.789,0.837,0.884,0.932,0.979,0.253,0.789,0.837,0.884,0.932,0.979
K94+425,26.346,0.000,7.223,-12.060,11.638,0.253,0.789,0.837,0.884,0.932,0.979,0.253,0.789,0.837,0.884,0.932,0.979
K94+450,26.097,0.000,7.269,-11.980,11.826,0.253,0.789,0.837,0.884,0.932,0.979,0.253,0.789,0.837,0.884,0.932,0.979
K94+475,27.303,0.000,7.357,-12.138,11.944,0.253,0.789,0.837,0.884,0.932,0.979,0.253,0.789,0.837,0.884,0.932,0.979
K94+500,32.085,0.000,7.503,-12.480,11.882,0.253,0.789,0.837,0.884,0.932,0.979,0.253,0.789,0.837,0.884,0.932,0.979
K94+525,24.967,0.000,7.305,-12.347,11.707,0.253,0.789,0.837,0.884,0.932,0.979,0.253,0.789,0.837,0.884,0.932,0.979
K94+550,24.856,0.000,7.243,-12.217,11.613,0.253,0.789,0.837,0.884,0.932,0.979,0.253,0.789,0.837,0.884,0.932,0.979
K94+575,25.217,0.000,7.384,-12.278,11.758,0.253,0.789,0.837,0.884,0.932,0.979,0.253,0.789,0.837,0.884,0.932,0.979
K94+600,24.909,0.000,7.345,-12.229,11.914,0.253,0.789,0.837,0.884,0.932,0.979,0.253,0.789,0.837,0.884,0.932,0.979
K94+625,23.370,0.000,7.291,-12.103,11.762,0.253,0.789,0.837,0.884,0.932,0.979,0.253,0.789,0.837,0.884,0.932,0.979
K94+650,24.387,0.000,7.251,-12.122,11.705,0.253,0.789,0.837,0.884,0.932,0.979,0.253,0.789,0.837,0.884,0.932,0.979
K94+675,24.724,0.000,7.286,-12.101,11.835,0.253,0.789,0.837,0.884,0.932,0.979,0.253,0.789,0.837,0.884,0.932,0.979
K94+700,21.055,0.000,7.263,-11.969,11.797,0.253,0.789,0.837,0.884,0.932,0.979,0.253,0.789,0.837,0.884,0.932,0.979
K94+725,21.651,0.000,7.125,-11.698,11.643,0.253,0.789,0.837,0.884,0.932,0.979,0.253,0.789,0.837,0.884,0.932,0.979
K94+750,20.749,0.000,7.034,-11.750,11.487,0.253,0.789,0.837,0.884,0.932,0.979,0.253,0.789,0.837,0.884,0.932,0.979
K94+775,24.014,0.000,7.199,-12.067,11.598,0.253,0.789,0.837,0.884,0.932,0.979,0.253,0.789,0.837,0.884,0.932,0.979
K94+800,23.137,0.000,7.172,-12.008,11.582,0.253,0.789,0.837,0.884,0.932,0.979,0.253,0.789,0.837,0.884,0.932,0.979
K94+825,23.847,0.000,7.298,-12.244,11.706,0.253,0.789,0.837,0.884,0.932,0.979,0.253,0.789,0.837,0.884,0.932,0.979
K94+850,24.531,0.000,7.324,-12.195,11.740,0.253,0.789,0.837,0.884,0.932,0.979,0.253,0.789,0.837,0.884,0.932,0.979
K94+875,23.554,0.000,7.297,-12.045,11.842,0.253,0.789,0.837,0.884,0.932,0.979,0.253,0.789,0.837,0.884,0.932,0.979
K94+900,23.891,0.000,7.151,-12.306,11.267,0.253,0.789,0.837,0.884,0.932,0.979,0.253,0.789,0.837,0.884,0.932,0.979
K94+925,23.992,0.000,7.366,-12.285,11.897,0.253,0.789,0.837,0.884,0.932,0.979,0.253,0.789,0.837,0.884,0.932,0.979
K94+950,23.795,0.000,7.248,-12.059,11.745,0.253,0.789,0.837,0.884,0.932,0.979,0.253,0.789,0.837,0.884,0.932,0.979
K94+975,22.691,0.000,7.271,-12.137,11.842,0.253,0.789,0.837,0.884,0.932,0.979,0.253,0.789,0.837,0.884,0.932,0.979
K95+000,19.425,0.000,7.088,-12.097,11.311,0.253,0.789,0.837,0.884,0.932,0.979,0.253,0.789,0.837,0.884,0.932,0.979
K95+025,23.542,0.000,7.207,-12.009,11.701,0.253,0.789,0.837,0.884,0.932,0.979,0.253,0.789,0.837,0.884,0.932,0.979
K95+050,25.443,0.000,7.282,-12.289,11.689,0.253,0.789,0.837,0.884,0.932,0.979,0.253,0.789,0.837,0.884,0.932,0.979
K95+075,25.890,0.000,7.386,-12.273,11.974,0.253,0.789,0.837,0.884,0.932,0.979,0.253,0.789,0.837,0.884,0.932,0.979
K95+100,24.944,0.000,7.280,-12.130,11.932,0.253,0.789,0.837,0.884,0.932,0.979,0.253,0.789,0.837,0.884,0.932,0.979
K95+125,25.394,0.000,7.089,-11.859,11.582,0.253,0.789,0.837,0.884,0.932,0.979,0.253,0.789,0.837,0.884,0.932,0.979
K95+150,24.764,0.000,7.373,-12.217,11.898,0.253,0.789,0.837,0.884,0.932,0.979,0.253,0.789,0.837,0.884,0.932,0.979
K95+175,24.482,0.000,7.417,-12.397,11.925,0.253,0.789,0.837,0.884,0.932,0.979,0.253,0.789,0.837,0.884,0.932,0.979
K95+200,22.590,0.000,7.415,-12.535,11.766,0.253,0.789,0.837,0.884,0.932,0.979,0.253,0.789,0.837,0.884,0.932,0.979
K95+225,23.672,0.000,7.267,-12.266,11.483,0.253,0.789,0.837,0.884,0.932,0.979,0.253,0.789,0.837,0.884,0.932,0.979
K95+250,23.504,0.000,7.234,-11.980,11.701,0.253,0.789,0.837,0.884,0.932,0.979,0.253,0.789,0.837,0.884,0.932,0.979
K95+275,26.116,0.000,7.396,-12.287,11.988,0.253,0.789,0.837,0.884,0.932,0.979,0.253,0.789,0.837,0.884,0.932,0.979
K95+300,24.707,0.000,7.172,-11.936,11.585,0.253,0.789,0.837,0.884,0.932,0.979,0.253,0.789,0.837,0.884,0.932,0.979
K95+325,24.610,0.000,7.291,-12.108,11.765,0.253,0.789,0.837,0.884,0.932,0.979,0.253,0.789,0.837,0.884,0.932,0.979
K95+350,23.196,0.000,7.368,-12.289,11.877,0.253,0.789,0.837,0.884,0.932,0.979,0.253,0.789,0.837,0.884,0.932,0.979
K95+375,23.678,0.000,7.157,-11.993,11.530,0.253,0.789,0.837,0.884,0.932,0.979,0.253,0.789,0.837,0.884,0.932,0.979
K95+400,24.838,0.000,7.256,-12.068,11.764,0.253,0.789,0.837,0.884,0.932,0.979,0.253,0.789,0.837,0.884,0.932,0.979
K95+425,24.502,0.000,7.167,-11.976,11.596,0.253,0.789,0.837,0.884,0.932,0.979,0.253,0.789,0.837,0.884,0.932,0.979
K95+450,23.516,0.000,7.209,-11.833,11.778,0.253,0.789,0.837,0.884,0.932,0.979,0.253,0.789,0.837,0.884,0.932,0.979
K95+475,22.805,0.000,7.109,-11.909,11.505,0.253,0.789,0.837,0.884,0.932,0.979,0.253,0.789,0.837,0.884,0.932,0.979
K95+500,22.950,0.000,7.154,-11.964,11.631,0.253,0.789,0.837,0.884,0.932,0.979,0.253,0.789,0.837,0.884,0.932,0.979
K95+525,22.471,0.000,7.107,-11.901,11.537,0.253,0.789,0.837,0.884,0.932,0.979,0.253,0.789,0.837,0.884,0.932,0.979
K95+550,19.969,0.000,7.107,-11.687,11.634,0.253,0.789,0.837,0.884,0.932,0.979,0.253,0.789,0.837,0.884,0.932,0.979
K95+575,17.724,0.020,7.047,-11.540,11.549,0.253,0.789,0.837,0.884,0.932,0.979,0.253,0.789,0.837,0.884,0.932,0.979
K95+600,19.046,0.000,7.041,-11.571,11.532,0.253,0.789,0.837,0.884,0.932,0.979,0.253,0.789,0.837,0.884,0.932,0.979
K95+625,21.679,0.000,7.007,-11.612,11.501,0.253,0.789,0.837,0.884,0.932,0.979,0.253,0.789,0.837,0.884,0.932,0.979
K95+650,22.887,0.000,6.999,-11.646,11.344,0.253,0.789,0.837,0.884,0.932,0.979,0.253,0.789,0.837,0.884,0.932,0.979
K95+675,23.488,0.000,7.159,-11.902,11.531,0.253,0.789,0.837,0.884,0.932,0.979,0.253,0.789,0.837,0.884,0.932,0.979
K95+700,22.815,0.000,6.995,-11.778,11.280,0.253,0.789,0.837,0.884,0.932,0.979,0.253,0.789,0.837,0.884,0.932,0.979
K95+725,24.049,0.000,7.130,-11.983,11.478,0.253,0.789,0.837,0.884,0.932,0.979,0.253,0.789,0.837,0.884,0.932,0.979
K95+750,23.098,0.000,7.132,-11.972,11.532,0.253,0.789,0.837,0.884,0.932,0.979,0.253,0.789,0.837,0.884,0.932,0.979
K95+775,23.085,0.000,7.101,-11.758,11.587,0.253,0.789,0.837,0.884,0.932,0.979,0.253,0.789,0.837,0.884,0.932,0.979
K95+800,22.553,0.000,7.091,-11.889,11.493,0.253,0.789,0.837,0.884,0.932,0.979,0.253,0.789,0.837,0.884,0.932,0.979
K95+825,23.572,0.000,7.195,-11.991,11.707,0.253,0.789,0.837,0.884,0.932,0.979,0.253,0.789,0.837,0.884,0.932,0.979
K95+850,23.600,0.000,7.063,-11.938,11.350,0.253,0.789,0.837,0.884,0.932,0.979,0.253,0.789,0.837,0.884,0.932,0.979
K95+875,23.055,0.000,7.186,-12.016,11.682,0.253,0.789,0.837,0.884,0.932,0.979,0.253,0.789,0.837,0.884,0.932,0.979
K95+900,23.809,0.000,7.065,-11.850,11.436,0.253,0.789,0.837,0.884,0.932,0.979,0.253,0.789,0.837,0.884,0.932,0.979
K95+925,23.714,0.000,7.195,-12.186,11.497,0.253,0.789,0.837,0.884,0.932,0.979,0.253,0.789,0.837,0.884,0.932,0.979
K95+950,24.077,0.000,7.015,-11.846,11.316,0.253,0.789,0.837,0.884,0.932,0.979,0.253,0.789,0.837,0.884,0.932,0.979
K95+975,24.038,0.000,7.108,-11.823,11.571,0.253,0.789,0.837,0.884,0.932,0.979,0.253,0.789,0.837,0.884,0.932,0.979
K96+000,23.196,0.000,7.052,-11.957,11.420,0.253,0.789,0.837,0.884,0.932,0.979,0.253,0.789,0.837,0.884,0.932,0.979
K96+025,22.974,0.000,7.187,-12.024,11.619,0.253,0.789,0.837,0.884,0.932,0.979,0.253,0.789,0.837,0.884,0.932,0.979
K96+050,21.947,0.000,7.143,-12.012,11.577,0.253,0.789,0.837,0.884,0.932,0.979,0.253,0.789,0.837,0.884,0.932,0.979
K96+075,21.987,0.000,7.089,-12.071,11.391,0.253,0.789,0.837,0.884,0.932,0.979,0.253,0.789,0.837,0.884,0.932,0.979
K96+100,21.862,0.000,7.107,-11.917,11.586,0.253,0.789,0.837,0.884,0.932,0.979,0.253,0.789,0.837,0.884,0.932,0.979
K96+125,19.872,0.000,7.329,-11.840,12.160,0.253,0.789,0.837,0.884,0.932,0.979,0.253,0.789,0.837,0.884,0.932,0.979
K96+150,24.957,0.000,7.059,-11.983,11.464,0.253,0.789,0.837,0.884,0.932,0.979,0.253,0.789,0.837,0.884,0.932,0.979
K96+175,24.535,0.000,7.076,-12.007,11.458,0.253,0.789,0.837,0.884,0.932,0.979,0.253,0.789,0.837,0.884,0.932,0.979
K96+200,24.432,0.000,7.081,-11.966,11.418,0.253,0.789,0.837,0.884,0.932,0.979,0.253,0.789,0.837,0.884,0.932,0.979
K96+225,24.042,0.000,7.146,-12.020,11.593,0.253,0.789,0.837,0.884,0.932,0.979,0.253,0.789,0.837,0.884,0.932,0.979
K96+250,24.142,0.000,7.141,-12.010,11.594,0.253,0.789,0.837,0.884,0.932,0.979,0.253,0.789,0.837,0.884,0.932,0.979
K96+275,24.150,0.000,7.053,-11.927,11.425,0.253,0.789,0.837,0.884,0.932,0.979,0.253,0.789,0.837,0.884,0.932,0.979
K96+300,23.947,0.000,7.113,-11.993,11.521,0.253,0.789,0.837,0.884,0.932,0.979,0.253,0.789,0.837,0.884,0.932,0.979
K96+325,23.735,0.000,7.170,-11.946,11.677,0.253,0.789,0.837,0.884,0.932,0.979,0.253,0.789,0.837,0.884,0.932,0.979
K96+350,22.994,0.000,7.049,-11.798,11.564,0.253,0.789,0.837,0.884,0.932,0.979,0.253,0.789,0.837,0.884,0.932,0.979
K96+375,23.627,0.000,7.172,-11.981,11.714,0.253,0.789,0.837,0.884,0.932,0.979,0.253,0.789,0.837,0.884,0.932,0.979
K96+400,24.870,0.000,6.937,-11.650,11.399,0.253,0.789,0.837,0.884,0.932,0.979,0.253,0.789,0.837,0.884,0.932,0.979
K96+425,22.508,0.000,7.079,-11.782,11.586,0.253,0.789,0.837,0.884,0.932,0.979,0.253,0.789,0.837,0.884,0.932,0.979
K96+450,21.847,0.000,6.901,-11.723,11.084,0.253,0.789,0.837,0.884,0.932,0.979,0.253,0.789,0.837,0.884,0.932,0.979
K96+475,23.488,0.000,7.078,-11.897,11.460,0.253,0.789,0.837,0.884,0.932,0.979,0.253,0.789,0.837,0.884,0.932,0.979
K96+500,23.927,0.000,7.089,-11.800,11.594,0.253,0.789,0.837,0.884,0.932,0.979,0.253,0.789,0.837,0.884,0.932,0.979
K96+525,24.535,0.000,7.008,-11.856,11.306,0.253,0.789,0.837,0.884,0.932,0.979,0.253,0.789,0.837,0.884,0.932,0.979
K96+550,22.970,0.000,7.020,-11.854,11.366,0.253,0.789,0.837,0.884,0.932,0.979,0.253,0.789,0.837,0.884,0.932,0.979
K96+575,23.548,0.000,7.108,-11.903,11.540,0.253,0.789,0.837,0.884,0.932,0.979,0.253,0.789,0.837,0.884,0.932,0.979
K96+600,24.130,0.000,7.147,-12.074,11.565,0.253,0.789,0.837,0.884,0.932,0.979,0.253,0.789,0.837,0.884,0.932,0.979
K96+625,25.194,0.000,7.118,-12.029,11.446,0.253,0.789,0.837,0.884,0.932,0.979,0.253,0.789,0.837,0.884,0.932,0.979
K96+650,23.404,0.000,7.100,-12.069,11.386,0.253,0.789,0.837,0.884,0.932,0.979,0.253,0.789,0.837,0.884,0.932,0.979
K96+675,23.778,0.000,7.102,-11.977,11.519,0.253,0.789,0.837,0.884,0.932,0.979,0.253,0.789,0.837,0.884,0.932,0.979
K96+700,24.018,0.000,6.969,-11.896,11.215,0.253,0.789,0.837,0.884,0.932,0.979,0.253,0.789,0.837,0.884,0.932,0.979
K96+725,25.198,0.000,7.035,-11.966,11.350,0.253,0.789,0.837,0.884,0.932,0.979,0.253,0.789,0.837,0.884,0.932,0.979
K96+750,24.625,0.000,7.151,-12.032,11.638,0.253,0.789,0.837,0.884,0.932,0.979,0.253,0.789,0.837,0.884,0.932,0.979
K96+775,24.149,0.000,7.059,-11.980,11.366,0.253,0.789,0.837,0.884,0.932,0.979,0.253,0.789,0.837,0.884,0.932,0.979
K96+800,24.213,0.000,7.062,-11.847,11.515,0.253,0.789,0.837,0.884,0.932,0.979,0.253,0.789,0.837,0.884,0.932,0.979
K96+825,22.708,0.000,7.060,-11.719,11.670,0.253,0.789,0.837,0.884,0.932,0.979,0.253,0.789,0.837,0.884,0.932,0.979
K96+850,22.335,0.000,7.021,-11.626,11.628,0.253,0.789,0.837,0.884,0.932,0.979,0.253,0.789,0.837,0.884,0.932,0.979
K96+875,21.020,0.000,7.004,-11.614,11.548,0.253,0.789,0.837,0.884,0.932,0.979,0.253,0.789,0.837,0.884,0.932,0.979
K96+900,19.552,0.000,6.905,-11.419,11.415,0.253,0.789,0.837,0.884,0.932,0.979,0.253,0.789,0.837,0.884,0.932,0.979
K96+925,16.905,0.000,6.849,-11.311,11.324,0.253,0.789,0.837,0.884,0.932,0.979,0.253,0.789,0.837,0.884,0.932,0.979
K96+950,15.368,0.000,6.760,-11.324,11.035,0.253,0.789,0.837,0.884,0.932,0.979,0.253,0.789,0.837,0.884,0.932,0.979
K96+975,13.585,0.000,6.658,-11.281,10.765,0.253,0.789,0.837,0.884,0.932,0.979,0.253,0.789,0.837,0.884,0.932,0.979
K97+000,10.685,0.038,6.557,-10.999,10.613,0.253,0.789,0.837,0.884,0.932,0.979,0.253,0.789,0.837,0.884,0.932,0.979
K97+025,7.132,0.000,6.286,-10.430,10.378,0.253,0.789,0.837,0.884,0.932,0.979,0.253,0.789,0.837,0.884,0.932,0.979
K97+050,6.785,0.000,6.243,-10.246,10.399,0.253,0.789,0.837,0.884,0.932,0.979,0.253,0.789,0.837,0.884,0.932,0.979
K97+075,6.584,0.042,6.030,-9.771,10.196,0.253,0.789,0.837,0.884,0.932,0.979,0.253,0.789,0.837,0.884,0.932,0.979
K97+100,6.704,0.012,5.954,-9.611,10.151,0.253,0.789,0.837,0.884,0.932,0.979,0.253,0.789,0.837,0.884,0.932,0.979
K97+125,5.723,0.000,4.975,-9.164,7.337,0.253,0.789,0.837,0.884,0.932,0.979,0.253,0.789,0.837,0.884,0.932,0.979
K97+150,5.189,0.000,5.024,-9.281,7.390,0.253,0.789,0.837,0.884,0.932,0.979,0.253,0.789,0.837,0.884,0.932,0.979
K97+175,3.936,0.000,4.221,-6.836,7.168,0.253,0.789,0.837,0.884,0.932,0.979,0.253,0.789,0.837,0.884,0.932,0.979
K97+200,4.345,0.010,4.994,-9.372,7.044,0.253,0.789,0.837,0.884,0.932,0.979,0.253,0.789,0.837,0.884,0.932,0.979
K97+225,5.493,0.000,5.044,-9.379,7.283,0.253,0.789,0.837,0.884,0.932,0.979,0.253,0.789,0.837,0.884,0.932,0.979
K97+250,6.603,0.000,5.111,-9.503,7.410,0.253,0.789,0.837,0.884,0.932,0.979,0.253,0.789,0.837,0.884,0.932,0.979
K97+275,7.795,0.120,6.001,-9.675,10.178,0.253,0.789,0.837,0.884,0.932,0.979,0.253,0.789,0.837,0.884,0.932,0.979
K97+300,8.184,0.000,5.256,-9.830,7.550,0.253,0.789,0.837,0.884,0.932,0.979,0.253,0.789,0.837,0.884,0.932,0.979
K97+325,8.632,0.000,5.303,-9.828,7.778,0.253,0.789,0.837,0.884,0.932,0.979,0.253,0.789,0.837,0.884,0.932,0.979
K97+350,8.191,0.080,5.957,-9.580,10.169,0.253,0.789,0.837,0.884,0.932,0.979,0.253,0.789,0.837,0.884,0.932,0.979
K97+375,7.796,0.171,5.947,-9.448,10.192,0.253,0.789,0.837,0.884,0.932,0.979,0.253,0.789,0.837,0.884,0.932,0.979
K97+400,7.626,0.123,5.919,-9.469,10.150,0.253,0.789,0.837,0.884,0.932,0.979,0.253,0.789,0.837,0.884,0.932,0.979
K97+425,8.187,0.000,5.842,-9.398,9.994,0.253,0.789,0.837,0.884,0.932,0.979,0.253,0.789,0.837,0.884,0.932,0.979
K97+450,7.584,0.000,4.957,-9.056,7.355,0.253,0.789,0.837,0.884,0.932,0.979,0.253,0.789,0.837,0.884,0.932,0.979
K97+475,6.834,0.000,4.425,-6.737,7.916,0.253,0.790,0.837,0.885,0.932,0.980,0.252,0.787,0.832,0.877,0.922,0.966
K97+500,5.086,0.000,4.925,-6.923,9.437,0.253,0.791,0.840,0.889,0.939,0.988,0.252,0.785,0.828,0.870,0.912,0.955
K97+525,4.949,0.031,5.213,-6.907,10.375,0.253,0.793,0.844,0.895,0.946,0.997,0.252,0.784,0.824,0.864,0.904,0.945
K97+550,6.245,0.000,5.114,-9.396,7.612,0.253,0.793,0.844,0.895,0.946,0.997,0.252,0.784,0.824,0.864,0.904,0.945
K97+575,8.673,0.000,5.122,-6.823,10.233,0.253,0.793,0.844,0.895,0.946,0.997,0.252,0.784,0.824,0.864,0.904,0.945
K97+600,2.662,0.293,5.037,-6.493,10.243,0.253,0.793,0.844,0.895,0.946,0.997,0.252,0.784,0.824,0.864,0.904,0.945
K97+625,2.984,0.728,4.882,-6.225,10.030,0.253,0.793,0.844,0.895,0.946,0.997,0.252,0.784,0.824,0.864,0.904,0.945
K97+650,2.059,1.051,4.229,-6.218,7.772,0.253,0.793,0.844,0.895,0.946,0.997,0.252,0.784,0.824,0.864,0.904,0.945
K97+675,1.033,2.262,3.725,-5.813,6.524,0.253,0.793,0.844,0.895,0.946,0.997,0.252,0.784,0.824,0.864,0.904,0.945
K97+700,0.052,2.922,3.835,-5.895,6.818,0.253,0.792,0.843,0.893,0.943,0.994,0.252,0.784,0.825,0.866,0.907,0.948
K97+725,0.108,2.896,3.767,-5.948,6.508,0.253,0.791,0.839,0.888,0.937,0.985,0.252,0.786,0.829,0.872,0.915,0.958
K97+750,0.000,2.882,3.723,-6.407,5.916,0.253,0.789,0.837,0.884,0.932,0.979,0.253,0.788,0.834,0.879,0.925,0.970
K97+775,0.000,3.406,3.589,-6.410,5.435,0.253,0.789,0.837,0.884,0.932,0.979,0.253,0.789,0.837,0.884,0.932,0.979
K97+800,0.025,2.191,3.739,-6.587,5.738,0.253,0.789,0.837,0.884,0.932,0.979,0.253,0.789,0.837,0.884,0.932,0.979
K97+825,0.933,0.469,4.144,-6.762,6.996,0.253,0.789,0.837,0.884,0.932,0.979,0.253,0.789,0.837,0.884,0.932,0.979
K97+850,2.611,0.062,4.713,-9.196,6.351,0.253,0.789,0.837,0.884,0.932,0.979,0.253,0.789,0.837,0.884,0.932,0.979
K97+875,4.529,1.883,6.080,-9.295,10.287,0.253,0.789,0.837,0.884,0.932,0.979,0.253,0.789,0.837,0.884,0.932,0.979
K97+900,5.581,0.596,6.242,-9.991,10.401,0.253,0.789,0.837,0.884,0.932,0.979,0.253,0.789,0.837,0.884,0.932,0.979
K97+925,9.552,1.110,6.741,-10.865,10.550,0.253,0.789,0.837,0.884,0.932,0.979,0.253,0.789,0.837,0.884,0.932,0.979
K97+950,11.450,0.474,6.662,-10.653,10.525,0.253,0.789,0.837,0.884,0.932,0.979,0.253,0.789,0.837,0.884,0.932,0.979
K97+975,15.598,0.308,6.733,-10.551,10.991,0.253,0.789,0.837,0.884,0.932,0.979,0.253,0.789,0.837,0.884,0.932,0.979
K98+000,8.546,0.265,6.189,-9.521,10.106,0.253,0.789,0.837,0.884,0.932,0.979,0.253,0.789,0.837,0.884,0.932,0.979
K98+025,12.161,0.000,6.213,-10.295,9.797,0.253,0.789,0.837,0.884,0.932,0.979,0.253,0.789,0.837,0.884,0.932,0.979
K98+050,12.931,0.567,6.467,-10.243,10.552,0.253,0.789,0.837,0.884,0.932,0.979,0.253,0.789,0.837,0.884,0.932,0.979
K98+075,13.466,0.442,6.245,-9.468,10.390,0.253,0.789,0.837,0.884,0.932,0.979,0.253,0.789,0.837,0.884,0.932,0.979
K98+100,15.787,0.503,6.747,-10.791,10.833,0.253,0.789,0.837,0.884,0.932,0.979,0.253,0.789,0.837,0.884,0.932,0.979
K98+125,15.502,0.801,6.817,-10.611,11.070,0.253,0.789,0.837,0.884,0.932,0.979,0.253,0.789,0.837,0.884,0.932,0.979
K98+150,15.928,0.000,5.535,-10.534,7.629,0.253,0.789,0.837,0.884,0.932,0.979,0.253,0.789,0.837,0.884,0.932,0.979
K98+175,16.919,0.000,5.655,-10.756,7.798,0.253,0.789,0.837,0.884,0.932,0.979,0.253,0.789,0.837,0.884,0.932,0.979
K98+200,15.700,0.403,6.744,-10.692,10.932,0.253,0.789,0.837,0.884,0.932,0.979,0.253,0.789,0.837,0.884,0.932,0.979
K98+225,16.204,0.000,5.668,-10.373,7.957,0.253,0.789,0.837,0.884,0.932,0.979,0.253,0.789,0.837,0.884,0.932,0.979
K98+250,14.490,0.000,5.546,-10.399,7.870,0.253,0.789,0.837,0.884,0.932,0.979,0.253,0.789,0.837,0.884,0.932,0.979
K98+275,13.133,2.766,6.579,-10.484,10.301,0.253,0.789,0.837,0.884,0.932,0.979,0.253,0.789,0.837,0.884,0.932,0.979
K98+300,8.400,0.000,5.088,-9.951,6.896,0.253,0.789,0.837,0.884,0.932,0.979,0.253,0.789,0.837,0.884,0.932,0.979
K98+325,5.425,0.123,4.787,-9.605,6.168,0.253,0.789,0.837,0.884,0.932,0.979,0.253,0.789,0.837,0.884,0.932,0.979
K98+350,4.729,0.052,5.183,-9.760,7.429,0.253,0.789,0.837,0.884,0.932,0.979,0.253,0.789,0.837,0.884,0.932,0.979
K98+375,2.647,0.662,4.877,-9.338,6.854,0.253,0.789,0.837,0.884,0.932,0.979,0.253,0.789,0.837,0.884,0.932,0.979
K98+400,1.254,1.706,4.750,-9.272,6.492,0.253,0.789,0.837,0.884,0.932,0.979,0.253,0.789,0.837,0.884,0.932,0.979
K98+425,0.768,2.922,4.624,-9.224,6.120,0.253,0.789,0.837,0.884,0.932,0.979,0.253,0.789,0.837,0.884,0.932,0.979
K98+450,1.635,2.121,4.687,-9.407,6.139,0.253,0.789,0.837,0.884,0.932,0.979,0.253,0.789,0.837,0.884,0.932,0.979
K98+475,0.849,1.831,4.644,-9.227,6.179,0.253,0.789,0.837,0.884,0.932,0.979,0.253,0.789,0.837,0.884,0.932,0.979
K98+500,1.071,3.128,4.779,-9.490,6.313,0.253,0.789,0.837,0.884,0.932,0.979,0.253,0.789,0.837,0.884,0.932,0.979
K98+525,2.204,1.398,4.869,-9.520,6.592,0.253,0.789,0.837,0.884,0.932,0.979,0.253,0.789,0.837,0.884,0.932,0.979
K98+550,3.232,0.973,5.008,-10.179,6.370,0.253,0.789,0.837,0.884,0.932,0.979,0.253,0.789,0.837,0.884,0.932,0.979
K98+575,4.218,0.135,5.058,-10.261,6.352,0.253,0.789,0.837,0.884,0.932,0.979,0.253,0.789,0.837,0.884,0.932,0.979
K98+600,3.311,0.417,5.131,-10.072,6.827,0.253,0.789,0.837,0.884,0.932,0.979,0.253,0.789,0.837,0.884,0.932,0.979
K98+625,4.481,0.064,4.958,-10.036,6.326,0.253,0.789,0.837,0.884,0.932,0.979,0.253,0.789,0.837,0.884,0.932,0.979
K98+650,7.090,0.000,5.239,-10.389,6.980,0.253,0.789,0.837,0.884,0.932,0.979,0.253,0.789,0.837,0.884,0.932,0.979
K98+675,9.018,0.000,5.353,-10.847,6.866,0.253,0.789,0.837,0.884,0.932,0.979,0.253,0.789,0.837,0.884,0.932,0.979
K98+700,12.810,0.000,5.493,-11.428,6.746,0.253,0.789,0.837,0.884,0.932,0.979,0.253,0.789,0.837,0.884,0.932,0.979
K98+725,14.877,0.001,5.461,-11.198,6.641,0.253,0.789,0.837,0.884,0.932,0.979,0.253,0.789,0.837,0.884,0.932,0.979
K98+750,19.157,0.000,6.811,-11.984,10.540,0.253,0.789,0.837,0.884,0.932,0.979,0.253,0.789,0.837,0.884,0.932,0.979
K98+775,15.971,0.989,6.988,-11.609,10.870,0.253,0.789,0.837,0.884,0.932,0.979,0.253,0.789,0.837,0.884,0.932,0.979
K98+800,17.158,0.744,6.802,-11.439,10.678,0.253,0.789,0.837,0.884,0.932,0.979,0.253,0.789,0.837,0.884,0.932,0.979
K98+825,13.901,0.200,6.605,-10.952,10.170,0.253,0.789,0.837,0.884,0.932,0.979,0.253,0.789,0.837,0.884,0.932,0.979
K98+850,10.070,0.256,6.582,-11.171,10.024,0.253,0.789,0.837,0.884,0.932,0.979,0.253,0.789,0.837,0.884,0.932,0.979
K98+875,10.847,0.000,6.621,-11.086,10.506,0.253,0.789,0.837,0.884,0.932,0.979,0.253,0.789,0.837,0.884,0.932,0.979
K98+900,10.821,0.000,6.378,-10.997,10.003,0.253,0.789,0.837,0.884,0.932,0.979,0.253,0.789,0.837,0.884,0.932,0.979
K98+925,12.858,0.000,5.581,-10.720,7.734,0.253,0.789,0.837,0.884,0.932,0.979,0.253,0.789,0.837,0.884,0.932,0.979
K98+950,12.594,0.000,5.671,-10.837,7.914,0.253,0.789,0.837,0.884,0.932,0.979,0.253,0.789,0.837,0.884,0.932,0.979
K98+975,9.522,1.332,6.530,-10.665,10.461,0.253,0.789,0.837,0.884,0.932,0.979,0.253,0.789,0.837,0.884,0.932,0.979
K99+000,9.259,0.000,5.278,-10.262,7.212,0.253,0.789,0.837,0.884,0.932,0.979,0.253,0.789,0.837,0.884,0.932,0.979
K99+025,10.284,0.000,5.361,-10.478,7.282,0.253,0.789,0.837,0.884,0.932,0.979,0.253,0.789,0.837,0.884,0.932,0.979
K99+050,9.074,0.000,5.347,-10.689,6.918,0.253,0.789,0.837,0.884,0.932,0.979,0.253,0.789,0.837,0.884,0.932,0.979
K99+075,8.496,0.000,5.280,-10.245,7.232,0.253,0.789,0.837,0.884,0.932,0.979,0.253,0.789,0.837,0.884,0.932,0.979
K99+100,7.261,0.000,5.163,-10.225,6.905,0.253,0.789,0.837,0.884,0.932,0.979,0.253,0.789,0.837,0.884,0.932,0.979
K99+125,7.314,0.060,5.042,-10.313,6.358,0.253,0.789,0.837,0.884,0.932,0.979,0.253,0.789,0.837,0.884,0.932,0.979
K99+150,5.729,0.093,4.845,-9.680,6.373,0.253,0.789,0.837,0.884,0.932,0.979,0.253,0.789,0.837,0.884,0.932,0.979
K99+175,3.631,0.180,4.733,-9.478,6.195,0.253,0.789,0.837,0.884,0.932,0.979,0.253,0.789,0.837,0.884,0.932,0.979
K99+200,2.624,0.116,4.818,-9.512,6.486,0.253,0.789,0.837,0.884,0.932,0.979,0.253,0.789,0.837,0.884,0.932,0.979
K99+225,2.420,0.256,4.721,-9.576,6.089,0.253,0.789,0.837,0.884,0.932,0.979,0.253,0.789,0.837,0.884,0.932,0.979
K99+250,0.937,0.389,4.657,-9.337,6.096,0.253,0.789,0.837,0.884,0.932,0.979,0.253,0.789,0.837,0.884,0.932,0.979
K99+275,1.138,0.346,4.804,-9.855,5.994,0.253,0.789,0.837,0.884,0.932,0.979,0.253,0.789,0.837,0.884,0.932,0.979
K99+300,1.477,0.490,4.724,-9.833,5.789,0.253,0.789,0.837,0.884,0.932,0.979,0.253,0.789,0.837,0.884,0.932,0.979
K99+325,1.195,0.564,4.599,-9.476,5.754,0.253,0.789,0.837,0.884,0.932,0.979,0.253,0.789,0.837,0.884,0.932,0.979
K99+350,2.197,0.636,4.668,-9.683,5.749,0.253,0.789,0.837,0.884,0.932,0.979,0.253,0.789,0.837,0.884,0.932,0.979
K99+375,1.363,0.475,4.627,-9.540,5.765,0.253,0.789,0.837,0.884,0.932,0.979,0.253,0.789,0.837,0.884,0.932,0.979
K99+400,1.806,0.311,4.955,-10.043,6.326,0.253,0.789,0.837,0.884,0.932,0.979,0.253,0.789,0.837,0.884,0.932,0.979
K99+425,3.437,1.222,5.063,-10.808,5.961,0.253,0.788,0.833,0.878,0.924,0.969,0.253,0.789,0.837,0.884,0.932,0.979
K99+450,3.717,2.241,5.328,-11.072,6.532,0.252,0.786,0.829,0.871,0.914,0.957,0.253,0.790,0.839,0.887,0.935,0.984
K99+475,6.488,0.298,5.605,-11.642,6.839,0.252,0.785,0.826,0.868,0.910,0.951,0.253,0.791,0.840,0.889,0.938,0.986
K99+500,5.671,0.016,5.638,-11.901,6.597,0.252,0.785,0.826,0.868,0.910,0.951,0.253,0.791,0.840,0.889,0.938,0.986
K99+525,8.311,0.015,5.695,-12.125,6.558,0.252,0.785,0.826,0.868,0.910,0.951,0.253,0.791,0.840,0.889,0.938,0.986
K99+550,10.735,0.000,5.704,-11.931,6.827,0.252,0.785,0.826,0.868,0.910,0.951,0.253,0.791,0.840,0.889,0.938,0.986
K99+575,13.203,0.004,6.646,-12.914,8.877,0.252,0.785,0.826,0.868,0.910,0.951,0.253,0.791,0.840,0.889,0.938,0.986
K99+600,9.309,0.000,5.672,-11.663,7.004,0.252,0.785,0.826,0.868,0.910,0.951,0.253,0.791,0.840,0.889,0.938,0.986
K99+625,11.165,0.000,5.746,-11.874,7.097,0.252,0.785,0.827,0.869,0.912,0.954,0.253,0.791,0.839,0.888,0.937,0.985
K99+650,9.611,0.032,5.553,-11.681,6.545,0.252,0.787,0.832,0.876,0.921,0.965,0.253,0.790,0.837,0.885,0.932,0.980
K99+675,8.213,0.000,5.527,-11.160,7.102,0.253,0.789,0.837,0.884,0.931,0.978,0.253,0.789,0.837,0.884,0.932,0.979
K99+700,7.089,0.009,5.517,-11.049,7.087,0.253,0.789,0.837,0.884,0.932,0.979,0.253,0.789,0.837,0.884,0.932,0.979
K99+725,5.397,0.477,5.218,-10.533,6.737,0.253,0.789,0.837,0.884,0.932,0.979,0.253,0.789,0.837,0.884,0.932,0.979
K99+750,3.021,1.367,5.097,-10.294,6.514,0.253,0.789,0.837,0.884,0.932,0.979,0.253,0.789,0.837,0.884,0.932,0.979
K99+775,3.255,1.408,5.306,-10.698,6.707,0.253,0.789,0.837,0.884,0.932,0.979,0.253,0.789,0.837,0.884,0.932,0.979
K99+800,2.541,0.933,4.925,-9.915,6.362,0.253,0.789,0.837,0.884,0.932,0.979,0.253,0.789,0.837,0.884,0.932,0.979
K99+825,3.020,1.173,4.983,-10.147,6.386,0.253,0.789,0.837,0.884,0.932,0.979,0.253,0.789,0.837,0.884,0.932,0.979
K99+850,3.132,0.070,4.998,-9.926,6.669,0.253,0.789,0.837,0.884,0.932,0.979,0.253,0.789,0.837,0.884,0.932,0.979
K99+875,3.772,0.279,5.162,-10.419,6.681,0.253,0.789,0.837,0.884,0.932,0.979,0.253,0.789,0.837,0.884,0.932,0.979
K99+900,2.978,0.714,5.132,-10.213,6.749,0.253,0.789,0.837,0.884,0.932,0.979,0.253,0.789,0.837,0.884,0.932,0.979
K99+925,3.430,0.474,5.226,-10.390,6.851,0.253,0.789,0.837,0.884,0.932,0.979,0.253,0.789,0.837,0.884,0.932,0.979
K99+950,6.140,3.084,6.062,-10.765,7.986,0.253,0.789,0.837,0.884,0.932,0.979,0.253,0.789,0.837,0.884,0.932,0.979
K99+975,4.294,0.016,5.150,-10.422,6.616,0.253,0.789,0.837,0.884,0.932,0.979,0.253,0.789,0.837,0.884,0.932,0.979
K100+000,5.992,0.000,5.358,-10.569,7.172,0.253,0.789,0.837,0.884,0.932,0.979,0.253,0.789,0.837,0.884,0.932,0.979
K100+025,4.924,1.714,6.308,-10.972,9.359,0.253,0.789,0.837,0.884,0.932,0.979,0.253,0.789,0.837,0.884,0.932,0.979
K100+050,7.095,0.681,6.455,-10.876,10.080,0.253,0.789,0.837,0.884,0.932,0.979,0.253,0.789,0.837,0.884,0.932,0.979
K100+075,8.677,0.231,5.146,-10.891,6.046,0.253,0.789,0.837,0.884,0.932,0.979,0.253,0.789,0.837,0.884,0.932,0.979
K100+100,10.178,0.126,5.232,-11.019,6.199,0.253,0.789,0.837,0.884,0.932,0.979,0.253,0.789,0.837,0.884,0.932,0.979
K100+125,7.461,0.000,5.341,-10.772,6.729,0.253,0.789,0.837,0.884,0.932,0.979,0.253,0.789,0.837,0.884,0.932,0.979
K100+150,5.870,0.023,5.150,-10.502,6.492,0.253,0.789,0.837,0.884,0.932,0.979,0.253,0.789,0.837,0.884,0.932,0.979
K100+175,6.279,0.000,5.294,-10.724,6.783,0.253,0.789,0.837,0.884,0.932,0.979,0.253,0.789,0.837,0.884,0.932,0.979
K100+200,6.184,0.000,5.187,-10.382,6.820,0.253,0.789,0.837,0.884,0.932,0.979,0.253,0.789,0.837,0.884,0.932,0.979
K100+225,7.556,0.000,6.578,-10.892,10.683,0.253,0.789,0.837,0.884,0.932,0.979,0.253,0.789,0.837,0.884,0.932,0.979
K100+250,11.829,0.000,5.449,-10.789,7.277,0.253,0.789,0.837,0.884,0.932,0.979,0.253,0.789,0.837,0.884,0.932,0.979
K100+275,13.594,0.368,6.373,-10.901,10.153,0.253,0.789,0.837,0.884,0.932,0.979,0.253,0.789,0.837,0.884,0.932,0.979
K100+300,12.968,0.128,6.640,-10.320,11.191,0.253,0.789,0.837,0.884,0.932,0.979,0.253,0.789,0.837,0.884,0.932,0.979
K100+325,19.506,0.074,6.885,-11.336,11.293,0.253,0.789,0.837,0.884,0.932,0.979,0.253,0.789,0.837,0.884,0.932,0.979
K100+350,20.255,0.000,7.056,-11.267,11.716,0.253,0.789,0.837,0.884,0.932,0.979,0.253,0.789,0.837,0.884,0.932,0.979
K100+375,22.324,0.000,6.956,-10.957,11.967,0.253,0.789,0.837,0.884,0.932,0.979,0.253,0.789,0.837,0.884,0.932,0.979
K100+400,20.637,0.000,6.835,-10.881,11.649,0.253,0.789,0.837,0.884,0.932,0.979,0.253,0.789,0.837,0.884,0.932,0.979
K100+425,21.142,0.000,7.013,-11.391,11.521,0.253,0.789,0.837,0.884,0.932,0.979,0.253,0.789,0.837,0.884,0.932,0.979
K100+450,20.359,0.000,7.159,-11.304,11.610,0.253,0.789,0.837,0.884,0.932,0.979,0.253,0.789,0.837,0.884,0.932,0.979
K100+475,17.976,0.124,6.775,-11.193,10.912,0.253,0.789,0.837,0.884,0.932,0.979,0.253,0.789,0.837,0.884,0.932,0.979
K100+500,15.611,0.130,6.439,-11.076,10.171,0.253,0.789,0.837,0.884,0.932,0.979,0.253,0.789,0.837,0.884,0.932,0.979
K100+525,13.261,0.000,5.446,-10.768,7.192,0.253,0.789,0.837,0.884,0.932,0.979,0.253,0.789,0.837,0.884,0.932,0.979
K100+550,10.770,0.000,5.367,-10.224,7.558,0.253,0.789,0.837,0.884,0.932,0.979,0.253,0.789,0.837,0.884,0.932,0.979
K100+575,8.282,0.000,5.265,-10.280,7.099,0.253,0.789,0.837,0.884,0.932,0.979,0.253,0.789,0.837,0.884,0.932,0.979
K100+600,6.436,1.409,6.361,-10.174,10.465,0.253,0.789,0.837,0.884,0.932,0.979,0.253,0.789,0.837,0.884,0.932,0.979
K100+625,4.115,0.089,4.906,-9.915,6.325,0.253,0.789,0.837,0.884,0.932,0.979,0.253,0.789,0.837,0.884,0.932,0.979
K100+650,3.047,0.115,4.787,-9.591,6.292,0.253,0.789,0.837,0.884,0.932,0.979,0.253,0.789,0.837,0.884,0.932,0.979
K100+675,2.927,0.211,5.176,-9.731,7.320,0.253,0.789,0.837,0.884,0.932,0.979,0.253,0.789,0.837,0.884,0.932,0.979
K100+700,1.714,0.250,4.784,-9.546,6.263,0.253,0.789,0.837,0.884,0.932,0.979,0.253,0.789,0.837,0.884,0.932,0.979
K100+725,1.238,0.402,4.802,-9.470,6.421,0.253,0.789,0.837,0.884,0.932,0.979,0.253,0.789,0.837,0.884,0.932,0.979
K100+750,1.192,0.992,4.824,-9.484,6.470,0.253,0.789,0.837,0.884,0.932,0.979,0.253,0.789,0.837,0.884,0.932,0.979
K100+775,3.243,0.688,5.051,-10.108,6.579,0.252,0.787,0.832,0.877,0.922,0.967,0.253,0.789,0.837,0.884,0.932,0.979
K100+800,6.606,0.861,5.380,-11.362,6.398,0.252,0.785,0.828,0.870,0.913,0.955,0.253,0.790,0.839,0.887,0.935,0.983
K100+825,2.846,4.945,5.588,-10.455,7.658,0.252,0.785,0.827,0.869,0.911,0.953,0.253,0.790,0.839,0.887,0.936,0.984
K100+850,6.818,0.174,5.164,-10.909,6.144,0.252,0.785,0.827,0.869,0.911,0.953,0.253,0.790,0.839,0.887,0.936,0.984
K100+875,7.483,0.351,5.137,-11.013,5.958,0.252,0.785,0.827,0.869,0.911,0.953,0.253,0.790,0.839,0.887,0.936,0.984
K100+900,6.184,0.075,5.133,-10.591,6.435,0.252,0.785,0.827,0.869,0.911,0.953,0.253,0.790,0.839,0.887,0.936,0.984
K100+925,5.947,0.141,5.000,-10.304,6.209,0.252,0.786,0.830,0.874,0.918,0.962,0.253,0.790,0.838,0.885,0.933,0.981
K100+950,6.135,0.006,5.142,-10.418,6.600,0.253,0.789,0.835,0.881,0.928,0.974,0.253,0.789,0.837,0.884,0.932,0.979
K100+975,3.744,0.083,4.911,-9.939,6.302,0.253,0.789,0.837,0.884,0.932,0.979,0.253,0.789,0.837,0.884,0.932,0.979
K101+000,2.959,0.172,4.761,-9.562,6.124,0.253,0.789,0.837,0.884,0.932,0.979,0.253,0.789,0.837,0.884,0.932,0.979
K101+025,0.697,0.715,4.717,-9.406,6.122,0.253,0.789,0.837,0.884,0.932,0.979,0.253,0.789,0.837,0.884,0.932,0.979
K101+050,0.652,0.881,4.731,-9.342,6.241,0.253,0.789,0.837,0.884,0.932,0.979,0.253,0.789,0.837,0.884,0.932,0.979
K101+075,1.873,0.450,4.583,-9.259,5.757,0.253,0.789,0.837,0.884,0.932,0.979,0.253,0.789,0.837,0.884,0.932,0.979
K101+100,2.441,0.075,4.866,-9.723,6.306,0.253,0.789,0.837,0.884,0.932,0.979,0.253,0.789,0.837,0.884,0.932,0.979
K101+125,2.916,0.413,4.711,-9.715,5.843,0.253,0.789,0.837,0.884,0.932,0.979,0.253,0.789,0.837,0.884,0.932,0.979
K101+150,4.396,2.147,6.101,-10.042,9.691,0.253,0.789,0.837,0.884,0.932,0.979,0.253,0.789,0.837,0.884,0.932,0.979
K101+175,4.783,2.491,6.011,-10.186,9.036,0.253,0.789,0.837,0.884,0.932,0.979,0.253,0.789,0.837,0.884,0.932,0.979
K101+200,3.924,2.558,5.888,-10.271,8.768,0.253,0.789,0.837,0.884,0.932,0.979,0.253,0.789,0.837,0.884,0.932,0.979
K101+225,2.453,0.388,4.739,-9.807,5.779,0.253,0.789,0.837,0.884,0.932,0.979,0.253,0.789,0.837,0.884,0.932,0.979
K101+250,1.767,0.674,4.549,-9.393,5.589,0.253,0.789,0.837,0.884,0.932,0.979,0.253,0.789,0.837,0.884,0.932,0.979
K101+275,2.488,0.346,4.704,-9.596,5.951,0.253,0.789,0.837,0.884,0.932,0.979,0.253,0.789,0.837,0.884,0.932,0.979
K101+300,1.093,0.408,4.770,-9.670,6.105,0.253,0.789,0.837,0.884,0.932,0.979,0.253,0.789,0.837,0.884,0.932,0.979
K101+325,0.086,3.708,4.911,-9.292,6.577,0.253,0.789,0.837,0.884,0.932,0.979,0.253,0.789,0.837,0.884,0.932,0.979
K101+350,0.139,2.026,4.403,-9.049,5.455,0.253,0.789,0.837,0.884,0.932,0.979,0.253,0.789,0.837,0.884,0.932,0.979
K101+375,0.706,1.133,4.484,-9.313,5.422,0.253,0.789,0.837,0.884,0.932,0.979,0.253,0.789,0.837,0.884,0.932,0.979
K101+400,2.424,1.279,5.249,-10.057,7.028,0.253,0.789,0.837,0.884,0.932,0.979,0.253,0.789,0.837,0.884,0.932,0.979
K101+425,5.202,0.617,4.907,-10.496,5.520,0.253,0.789,0.837,0.884,0.932,0.979,0.253,0.789,0.837,0.884,0.932,0.979
K101+450,7.518,1.733,6.311,-10.446,10.051,0.253,0.789,0.837,0.884,0.932,0.979,0.253,0.789,0.837,0.884,0.932,0.979
K101+475,9.746,1.428,6.739,-11.704,10.140,0.253,0.789,0.837,0.884,0.932,0.979,0.253,0.789,0.837,0.884,0.932,0.979
K101+500,11.360,1.139,6.857,-11.842,10.216,0.253,0.789,0.837,0.884,0.932,0.979,0.253,0.789,0.837,0.884,0.932,0.979
K101+525,13.032,0.859,6.903,-11.817,10.519,0.253,0.789,0.837,0.884,0.932,0.979,0.253,0.789,0.837,0.884,0.932,0.979
K101+550,20.740,0.000,7.443,-12.560,11.217,0.253,0.789,0.837,0.884,0.932,0.979,0.253,0.789,0.837,0.884,0.932,0.979
K101+575,15.408,0.643,6.786,-11.733,10.439,0.253,0.789,0.837,0.884,0.932,0.979,0.253,0.789,0.837,0.884,0.932,0.979
K101+600,5.284,0.135,5.115,-10.692,6.133,0.253,0.789,0.837,0.884,0.932,0.979,0.253,0.789,0.837,0.884,0.932,0.979
K101+625,3.241,0.004,5.109,-10.107,6.787,0.253,0.789,0.837,0.884,0.932,0.979,0.253,0.789,0.837,0.884,0.932,0.979
K101+650,3.748,0.085,5.002,-10.142,6.268,0.253,0.789,0.837,0.884,0.932,0.979,0.253,0.789,0.837,0.884,0.932,0.979
K101+675,2.623,0.168,2.579,-10.046,6.226,0.253,0.789,0.837,0.884,0.932,0.979,0.253,0.789,0.837,0.884,0.932,0.979
K101+700,0.710,1.381,4.767,-9.727,5.999,0.253,0.789,0.837,0.884,0.932,0.979,0.253,0.789,0.837,0.884,0.932,0.979
K101+725,0.551,1.375,4.654,-9.528,5.872,0.253,0.789,0.837,0.884,0.932,0.979,0.253,0.789,0.837,0.884,0.932,0.979
K101+750,0.040,3.235,3.688,-6.654,5.579,0.253,0.789,0.837,0.884,0.932,0.979,0.253,0.789,0.837,0.884,0.932,0.979
K101+775,0.000,5.682,4.799,-6.222,9.593,0.253,0.789,0.837,0.884,0.932,0.979,0.253,0.789,0.837,0.884,0.932,0.979
K101+800,0.000,9.572,5.024,-5.851,10.679,0.253,0.789,0.837,0.884,0.932,0.979,0.253,0.789,0.837,0.884,0.932,0.979
K101+825,0.000,8.376,4.765,-5.708,9.986,0.253,0.789,0.837,0.884,0.932,0.979,0.253,0.789,0.837,0.884,0.932,0.979
K101+850,0.000,7.469,4.633,-5.340,9.956,0.253,0.789,0.837,0.884,0.932,0.979,0.253,0.789,0.837,0.884,0.932,0.979
K101+875,0.000,9.958,4.962,-5.524,10.701,0.253,0.789,0.837,0.884,0.932,0.979,0.253,0.789,0.837,0.884,0.932,0.979
K101+900,0.001,9.430,6.085,-9.060,10.749,0.253,0.789,0.837,0.884,0.932,0.979,0.253,0.789,0.837,0.884,0.932,0.979
K101+925,0.000,9.071,4.926,-5.627,10.395,0.253,0.789,0.837,0.884,0.932,0.979,0.253,0.789,0.837,0.884,0.932,0.979
K101+950,0.000,7.304,4.982,-6.012,10.137,0.253,0.789,0.837,0.884,0.932,0.979,0.253,0.789,0.837,0.884,0.932,0.979
K101+975,1.549,0.879,4.782,-9.983,5.853,0.253,0.789,0.837,0.884,0.932,0.979,0.253,0.789,0.837,0.884,0.932,0.979
K102+000,8.065,0.000,5.300,-10.598,6.894,0.253,0.789,0.837,0.884,0.932,0.979,0.253,0.789,0.837,0.884,0.932,0.979
K102+025,12.452,0.000,5.521,-10.840,7.415,0.253,0.789,0.837,0.884,0.932,0.979,0.253,0.789,0.837,0.884,0.932,0.979
K102+050,14.408,0.798,6.674,-11.457,10.299,0.253,0.789,0.837,0.884,0.932,0.979,0.253,0.789,0.837,0.884,0.932,0.979
K102+075,18.100,0.000,5.791,-11.479,7.668,0.253,0.789,0.837,0.884,0.932,0.979,0.253,0.789,0.837,0.884,0.932,0.979
K102+100,22.416,0.000,6.875,-12.054,10.536,0.253,0.789,0.837,0.884,0.932,0.979,0.253,0.789,0.837,0.884,0.932,0.979
K102+125,25.492,0.000,6.295,-12.335,8.351,0.253,0.789,0.837,0.884,0.932,0.979,0.253,0.789,0.837,0.884,0.932,0.979
K102+150,26.229,0.000,6.261,-12.473,8.202,0.253,0.789,0.837,0.884,0.932,0.979,0.253,0.789,0.837,0.884,0.932,0.979
K102+175,24.902,0.098,6.874,-12.305,10.347,0.253,0.789,0.837,0.884,0.932,0.979,0.253,0.789,0.837,0.884,0.932,0.979
K102+200,23.148,0.182,7.095,-12.109,10.992,0.253,0.789,0.837,0.884,0.932,0.979,0.253,0.789,0.837,0.884,0.932,0.979
K102+225,22.352,0.000,7.017,-12.410,10.268,0.253,0.789,0.837,0.884,0.932,0.979,0.253,0.789,0.837,0.884,0.932,0.979
K102+250,15.795,0.128,5.458,-11.652,6.167,0.253,0.789,0.837,0.884,0.932,0.979,0.253,0.789,0.837,0.884,0.932,0.979
K102+275,15.343,0.505,6.718,-11.492,10.332,0.253,0.789,0.837,0.884,0.932,0.979,0.253,0.789,0.837,0.884,0.932,0.979
K102+300,14.366,0.000,5.449,-11.076,6.889,0.253,0.789,0.837,0.884,0.932,0.979,0.253,0.789,0.837,0.884,0.932,0.979
K102+325,11.811,0.000,5.510,-11.082,7.113,0.253,0.789,0.837,0.884,0.932,0.979,0.253,0.789,0.837,0.884,0.932,0.979
K102+350,6.566,0.241,5.033,-10.592,5.976,0.253,0.789,0.837,0.884,0.932,0.979,0.253,0.789,0.837,0.884,0.932,0.979
K102+375,3.877,0.041,5.047,-10.276,6.411,0.253,0.789,0.837,0.884,0.932,0.979,0.253,0.789,0.837,0.884,0.932,0.979
K102+400,1.178,0.911,4.950,-9.844,6.460,0.253,0.789,0.837,0.884,0.932,0.979,0.253,0.789,0.837,0.884,0.932,0.979
K102+425,0.463,3.708,4.839,-9.895,6.042,0.253,0.789,0.837,0.884,0.932,0.979,0.253,0.789,0.837,0.884,0.932,0.979
K102+450,0.059,5.298,4.504,-9.396,5.471,0.253,0.789,0.837,0.884,0.932,0.979,0.253,0.789,0.837,0.884,0.932,0.979
K102+475,0.000,7.360,5.620,-9.026,9.402,0.253,0.789,0.837,0.884,0.932,0.979,0.253,0.789,0.837,0.884,0.932,0.979
K102+500,0.000,5.591,3.525,-6.221,5.437,0.253,0.789,0.837,0.884,0.932,0.979,0.253,0.789,0.837,0.884,0.932,0.979
K102+525,0.000,8.326,4.890,-6.381,9.542,0.253,0.789,0.837,0.884,0.932,0.979,0.253,0.789,0.837,0.884,0.932,0.979
K102+550,0.031,3.893,3.795,-6.529,6.013,0.253,0.789,0.837,0.884,0.932,0.979,0.253,0.789,0.837,0.884,0.932,0.979
K102+575,0.750,2.369,4.647,-9.443,5.941,0.253,0.789,0.837,0.884,0.932,0.979,0.253,0.789,0.837,0.884,0.932,0.979
K102+600,1.077,0.500,4.759,-9.283,6.467,0.253,0.789,0.837,0.884,0.932,0.979,0.253,0.789,0.837,0.884,0.932,0.979
K102+625,5.454,0.000,5.213,-10.546,6.659,0.253,0.789,0.837,0.884,0.932,0.979,0.253,0.789,0.837,0.884,0.932,0.979
K102+650,7.927,0.000,5.278,-10.401,7.014,0.253,0.789,0.837,0.884,0.932,0.979,0.253,0.789,0.837,0.884,0.932,0.979
K102+675,11.281,0.000,5.523,-11.092,7.161,0.253,0.789,0.837,0.884,0.932,0.979,0.253,0.789,0.837,0.884,0.932,0.979
K102+700,11.404,0.000,5.544,-11.059,7.183,0.253,0.789,0.837,0.884,0.932,0.979,0.253,0.789,0.837,0.884,0.932,0.979
K102+725,7.509,0.000,5.361,-10.578,7.066,0.253,0.789,0.837,0.884,0.932,0.979,0.253,0.789,0.837,0.884,0.932,0.979
K102+750,5.919,0.000,5.151,-10.183,6.754,0.253,0.789,0.837,0.884,0.932,0.979,0.253,0.789,0.837,0.884,0.932,0.979
K102+775,4.000,0.289,4.797,-9.678,6.017,0.253,0.789,0.837,0.884,0.932,0.979,0.253,0.789,0.837,0.884,0.932,0.979
K102+800,1.834,0.508,4.568,-9.300,5.694,0.253,0.789,0.837,0.884,0.932,0.979,0.253,0.789,0.837,0.884,0.932,0.979
K102+825,2.398,0.151,4.807,-9.600,6.200,0.253,0.789,0.837,0.884,0.932,0.979,0.253,0.789,0.837,0.884,0.932,0.979
K102+850,2.999,0.000,5.031,-9.372,7.280,0.253,0.789,0.837,0.884,0.932,0.979,0.253,0.789,0.837,0.884,0.932,0.979
K102+875,2.445,0.223,4.988,-10.124,6.241,0.253,0.789,0.837,0.884,0.932,0.979,0.253,0.789,0.837,0.884,0.932,0.979
K102+900,1.318,1.187,4.856,-9.538,6.422,0.253,0.789,0.837,0.884,0.932,0.979,0.253,0.789,0.837,0.884,0.932,0.979
K102+925,1.074,1.857,4.818,-9.808,5.977,0.253,0.789,0.837,0.884,0.932,0.979,0.253,0.789,0.837,0.884,0.932,0.979
K102+950,0.915,1.466,4.858,-9.436,6.563,0.253,0.789,0.837,0.884,0.932,0.979,0.253,0.789,0.837,0.884,0.932,0.979
K102+975,1.873,0.578,5.084,-9.641,6.969,0.253,0.789,0.837,0.884,0.932,0.979,0.253,0.789,0.837,0.884,0.932,0.979
K103+000,8.496,0.000,5.476,-10.432,7.564,0.253,0.789,0.837,0.884,0.932,0.979,0.253,0.789,0.837,0.884,0.932,0.979
K103+025,11.896,0.177,6.056,-9.779,10.078,0.253,0.789,0.837,0.884,0.932,0.979,0.253,0.789,0.837,0.884,0.932,0.979
K103+050,17.344,0.000,5.764,-11.075,7.934,0.253,0.789,0.837,0.884,0.932,0.979,0.253,0.789,0.837,0.884,0.932,0.979
K103+075,18.940,0.000,5.754,-11.257,7.636,0.253,0.789,0.837,0.884,0.932,0.979,0.253,0.789,0.837,0.884,0.932,0.979
K103+100,19.911,0.000,5.995,-11.874,7.717,0.253,0.789,0.837,0.884,0.932,0.979,0.253,0.789,0.837,0.884,0.932,0.979
K103+125,18.576,0.000,6.037,-12.194,7.664,0.253,0.789,0.837,0.884,0.932,0.979,0.253,0.789,0.837,0.884,0.932,0.979
K103+150,19.417,0.009,5.651,-11.608,6.583,0.253,0.789,0.837,0.884,0.932,0.979,0.253,0.789,0.837,0.884,0.932,0.979
K103+175,14.977,0.000,5.580,-11.090,7.356,0.253,0.789,0.837,0.884,0.932,0.979,0.253,0.789,0.837,0.884,0.932,0.979
K103+200,15.836,0.000,5.722,-11.175,7.743,0.253,0.789,0.837,0.884,0.932,0.979,0.253,0.789,0.837,0.884,0.932,0.979
K103+225,17.125,0.000,5.633,-10.954,7.673,0.253,0.789,0.837,0.884,0.932,0.979,0.253,0.789,0.837,0.884,0.932,0.979
K103+250,19.348,0.038,6.691,-11.411,10.682,0.253,0.789,0.837,0.884,0.932,0.979,0.253,0.789,0.837,0.884,0.932,0.979
K103+275,22.374,0.229,6.806,-11.458,10.806,0.253,0.789,0.837,0.884,0.932,0.979,0.253,0.789,0.837,0.884,0.932,0.979
K103+300,21.720,0.000,6.699,-11.213,10.787,0.253,0.789,0.837,0.884,0.932,0.979,0.253,0.789,0.837,0.884,0.932,0.979
K103+325,22.341,0.196,6.671,-11.483,10.496,0.253,0.789,0.837,0.884,0.932,0.979,0.253,0.789,0.837,0.884,0.932,0.979
K103+350,21.276,0.082,6.789,-11.260,10.986,0.253,0.789,0.837,0.884,0.932,0.979,0.253,0.789,0.837,0.884,0.932,0.979
K103+375,21.652,0.271,6.816,-11.194,10.942,0.253,0.789,0.837,0.884,0.932,0.979,0.253,0.789,0.837,0.884,0.932,0.979
K103+400,19.077,0.021,6.624,-10.954,10.710,0.253,0.789,0.837,0.884,0.932,0.979,0.253,0.789,0.837,0.884,0.932,0.979
K103+425,19.174,0.000,6.505,-10.719,10.592,0.253,0.789,0.837,0.884,0.932,0.979,0.253,0.789,0.837,0.884,0.932,0.979
K103+450,19.132,0.210,6.768,-11.002,11.069,0.253,0.789,0.837,0.884,0.932,0.979,0.253,0.789,0.837,0.884,0.932,0.979
K103+475,19.348,0.021,6.651,-11.016,10.821,0.253,0.789,0.837,0.884,0.932,0.979,0.253,0.789,0.837,0.884,0.932,0.979
K103+500,17.380,0.000,6.498,-10.540,10.891,0.253,0.789,0.837,0.884,0.932,0.979,0.253,0.789,0.837,0.884,0.932,0.979
K103+525,16.947,0.131,6.757,-10.884,10.827,0.253,0.789,0.837,0.884,0.932,0.979,0.253,0.789,0.837,0.884,0.932,0.979
K103+550,14.346,0.293,6.610,-10.734,10.568,0.253,0.789,0.837,0.884,0.932,0.979,0.253,0.789,0.837,0.884,0.932,0.979
K103+575,12.080,0.014,6.669,-10.925,10.753,0.253,0.789,0.837,0.884,0.932,0.979,0.253,0.789,0.837,0.884,0.932,0.979
K103+600,22.172,0.000,7.270,-11.689,10.823,0.253,0.789,0.837,0.884,0.932,0.979,0.253,0.789,0.837,0.884,0.932,0.979
K103+625,13.876,0.000,6.509,-10.795,10.376,0.253,0.789,0.837,0.884,0.932,0.979,0.253,0.789,0.837,0.884,0.932,0.979
K103+650,13.064,0.000,6.400,-10.568,10.204,0.253,0.789,0.837,0.884,0.932,0.979,0.253,0.789,0.837,0.884,0.932,0.979
K103+675,14.909,0.186,6.368,-10.258,10.036,0.253,0.789,0.837,0.884,0.932,0.979,0.253,0.789,0.837,0.884,0.932,0.979
K103+700,15.822,0.068,6.578,-11.017,10.149,0.253,0.789,0.837,0.884,0.932,0.979,0.253,0.789,0.837,0.884,0.932,0.979
K103+725,15.889,0.000,6.374,-10.550,10.517,0.253,0.789,0.837,0.884,0.932,0.979,0.253,0.789,0.837,0.884,0.932,0.979
K103+750,15.595,0.191,6.392,-10.428,10.180,0.253,0.789,0.837,0.884,0.932,0.979,0.253,0.789,0.837,0.884,0.932,0.979
K103+775,16.741,0.000,6.359,-10.684,10.000,0.253,0.789,0.837,0.884,0.932,0.979,0.253,0.789,0.837,0.884,0.932,0.979
K103+800,18.527,0.000,5.575,-10.799,7.636,0.253,0.789,0.837,0.884,0.932,0.979,0.253,0.789,0.837,0.884,0.932,0.979
K103+825,19.424,0.000,5.605,-10.966,7.502,0.253,0.789,0.837,0.884,0.932,0.979,0.253,0.789,0.837,0.884,0.932,0.979
K103+850,20.015,0.000,5.681,-11.044,7.731,0.253,0.789,0.837,0.884,0.932,0.979,0.253,0.789,0.837,0.884,0.932,0.979
K103+875,20.468,0.000,5.742,-11.035,7.969,0.253,0.789,0.837,0.884,0.932,0.979,0.253,0.789,0.837,0.884,0.932,0.979
K103+900,19.255,0.000,5.619,-10.739,7.848,0.253,0.789,0.837,0.884,0.932,0.979,0.253,0.789,0.837,0.884,0.932,0.979
K103+925,19.079,0.000,5.692,-10.829,7.954,0.253,0.789,0.837,0.884,0.932,0.979,0.253,0.789,0.837,0.884,0.932,0.979
K103+950,19.105,0.000,5.719,-10.973,7.869,0.253,0.789,0.837,0.884,0.932,0.979,0.253,0.789,0.837,0.884,0.932,0.979
K103+975,20.701,0.000,5.868,-11.102,8.219,0.253,0.789,0.837,0.884,0.932,0.979,0.253,0.789,0.837,0.884,0.932,0.979
K104+000,16.630,0.000,5.913,-10.216,9.370,0.253,0.789,0.837,0.884,0.932,0.979,0.253,0.789,0.837,0.884,0.932,0.979
K104+025,13.686,0.000,5.760,-9.920,9.165,0.253,0.789,0.837,0.884,0.932,0.979,0.253,0.789,0.837,0.884,0.932,0.979
K104+050,12.462,0.000,5.848,-10.191,9.221,0.253,0.789,0.837,0.884,0.932,0.979,0.253,0.789,0.837,0.884,0.932,0.979
K104+075,9.512,0.000,5.274,-10.238,7.246,0.253,0.789,0.837,0.884,0.932,0.979,0.253,0.789,0.837,0.884,0.932,0.979
K104+100,10.347,0.231,5.059,-10.662,5.915,0.253,0.789,0.837,0.884,0.932,0.979,0.253,0.789,0.837,0.884,0.932,0.979
K104+125,10.360,0.000,5.313,-10.302,7.002,0.253,0.789,0.837,0.884,0.932,0.979,0.253,0.789,0.837,0.884,0.932,0.979
K104+150,10.846,0.000,5.410,-10.611,7.111,0.253,0.789,0.837,0.884,0.932,0.979,0.253,0.789,0.837,0.884,0.932,0.979
K104+175,11.894,0.000,5.294,-10.144,7.401,0.253,0.789,0.837,0.884,0.932,0.979,0.253,0.789,0.837,0.884,0.932,0.979
K104+200,10.825,0.000,5.208,-10.238,6.972,0.253,0.789,0.837,0.884,0.932,0.979,0.253,0.789,0.837,0.884,0.932,0.979
K104+225,10.163,0.000,5.140,-10.117,6.836,0.253,0.789,0.837,0.884,0.932,0.979,0.253,0.789,0.837,0.884,0.932,0.979
K104+250,10.807,0.000,5.186,-10.207,6.961,0.253,0.789,0.837,0.884,0.932,0.979,0.253,0.789,0.837,0.884,0.932,0.979
K104+275,10.627,0.000,5.187,-10.357,6.789,0.253,0.789,0.837,0.884,0.932,0.979,0.253,0.789,0.837,0.884,0.932,0.979
K104+300,10.237,1.338,6.315,-10.590,10.039,0.253,0.789,0.837,0.884,0.932,0.979,0.253,0.789,0.837,0.884,0.932,0.979
K104+325,9.777,0.000,5.170,-9.988,7.078,0.253,0.789,0.837,0.884,0.932,0.979,0.253,0.789,0.837,0.884,0.932,0.979
K104+350,10.547,0.000,5.469,-10.777,7.302,0.253,0.789,0.837,0.884,0.932,0.979,0.253,0.789,0.837,0.884,0.932,0.979
K104+375,10.209,0.000,5.316,-10.299,7.345,0.253,0.789,0.837,0.884,0.932,0.979,0.253,0.789,0.837,0.884,0.932,0.979
K104+400,8.644,0.000,5.607,-10.099,7.649,0.253,0.789,0.837,0.884,0.932,0.979,0.253,0.789,0.837,0.884,0.932,0.979
K104+425,6.928,0.000,5.221,-10.227,7.081,0.253,0.789,0.837,0.884,0.932,0.979,0.253,0.789,0.837,0.884,0.932,0.979
K104+450,5.304,0.013,4.870,-9.584,6.574,0.253,0.789,0.837,0.884,0.932,0.979,0.253,0.789,0.837,0.884,0.932,0.979
K104+475,10.194,0.000,5.373,-10.466,7.373,0.253,0.789,0.837,0.884,0.932,0.979,0.253,0.789,0.837,0.884,0.932,0.979
K104+500,8.841,0.000,5.301,-10.422,7.107,0.253,0.789,0.837,0.884,0.932,0.979,0.253,0.789,0.837,0.884,0.932,0.979
K104+525,10.513,0.171,10.919,-14.111,6.124,0.253,0.789,0.837,0.884,0.932,0.979,0.253,0.789,0.837,0.884,0.932,0.979
K104+550,6.960,0.473,5.086,-10.843,5.741,0.253,0.789,0.837,0.884,0.932,0.979,0.253,0.789,0.837,0.884,0.932,0.979
K104+575,4.569,0.262,5.007,-10.417,5.991,0.253,0.789,0.837,0.884,0.932,0.979,0.253,0.789,0.837,0.884,0.932,0.979
K104+600,5.587,0.509,4.863,-10.195,5.616,0.253,0.789,0.837,0.884,0.932,0.979,0.253,0.789,0.837,0.884,0.932,0.979
K104+625,6.774,0.436,4.811,-10.075,5.726,0.253,0.789,0.837,0.884,0.932,0.979,0.253,0.789,0.837,0.884,0.932,0.979
K104+650,5.548,0.129,4.845,-9.797,6.180,0.253,0.789,0.837,0.884,0.932,0.979,0.253,0.789,0.837,0.884,0.932,0.979
K104+675,3.312,0.464,4.622,-9.497,5.731,0.253,0.789,0.837,0.884,0.932,0.979,0.253,0.789,0.837,0.884,0.932,0.979
K104+700,1.713,2.393,5.501,-9.680,8.384,0.253,0.789,0.837,0.884,0.932,0.979,0.253,0.789,0.837,0.884,0.932,0.979
K104+725,1.750,2.733,5.191,-9.777,7.248,0.253,0.789,0.837,0.884,0.932,0.979,0.253,0.789,0.837,0.884,0.932,0.979
K104+750,2.876,0.159,4.978,-9.992,6.434,0.253,0.789,0.837,0.884,0.932,0.979,0.253,0.789,0.837,0.884,0.932,0.979
K104+775,2.729,0.058,4.835,-9.410,6.606,0.253,0.789,0.837,0.884,0.932,0.979,0.253,0.789,0.837,0.884,0.932,0.979
K104+800,1.352,0.775,4.720,-9.290,6.349,0.253,0.789,0.837,0.884,0.932,0.979,0.253,0.789,0.837,0.884,0.932,0.979
K104+825,0.973,1.007,4.703,-9.012,6.588,0.253,0.789,0.837,0.884,0.932,0.979,0.253,0.789,0.837,0.884,0.932,0.979
K104+850,1.039,1.190,4.619,-9.210,6.114,0.253,0.789,0.837,0.884,0.932,0.979,0.253,0.789,0.837,0.884,0.932,0.979
K104+875,1.083,0.550,4.001,-6.635,6.580,0.253,0.789,0.837,0.884,0.932,0.979,0.253,0.789,0.837,0.884,0.932,0.979
K104+900,2.314,0.113,4.902,-9.038,7.171,0.253,0.789,0.837,0.884,0.932,0.979,0.253,0.789,0.837,0.884,0.932,0.979
K104+925,3.644,0.009,4.940,-9.111,7.239,0.253,0.789,0.837,0.884,0.932,0.979,0.253,0.789,0.837,0.884,0.932,0.979
K104+950,5.375,0.000,5.041,-9.491,7.183,0.253,0.789,0.837,0.884,0.932,0.979,0.253,0.789,0.837,0.884,0.932,0.979
K104+975,6.077,0.000,5.067,-9.696,7.058,0.253,0.789,0.837,0.884,0.932,0.979,0.253,0.789,0.837,0.884,0.932,0.979
K105+000,5.295,0.000,4.880,-9.228,6.881,0.253,0.789,0.837,0.884,0.932,0.979,0.253,0.789,0.837,0.884,0.932,0.979
K105+025,4.674,0.279,4.670,-9.430,5.973,0.253,0.789,0.837,0.884,0.932,0.979,0.253,0.789,0.837,0.884,0.932,0.979
K105+050,5.282,0.000,4.913,-9.349,6.886,0.253,0.789,0.837,0.884,0.932,0.979,0.253,0.789,0.837,0.884,0.932,0.979
K105+075,5.697,0.000,5.036,-9.567,7.149,0.253,0.789,0.837,0.884,0.932,0.979,0.253,0.789,0.837,0.884,0.932,0.979
K105+100,1.328,0.112,4.164,-6.517,7.166,0.253,0.789,0.837,0.884,0.932,0.979,0.253,0.789,0.837,0.884,0.932,0.979
K105+125,0.526,0.668,4.198,-6.663,7.225,0.253,0.789,0.837,0.884,0.932,0.979,0.253,0.788,0.834,0.879,0.925,0.970
K105+150,1.008,1.272,3.867,-5.626,7.113,0.253,0.790,0.839,0.887,0.936,0.984,0.252,0.786,0.829,0.872,0.915,0.958
K105+175,2.029,0.811,3.929,-5.683,7.236,0.253,0.791,0.841,0.891,0.941,0.991,0.252,0.784,0.825,0.866,0.907,0.948
K105+200,2.041,0.439,4.212,-6.698,7.205,0.253,0.791,0.841,0.891,0.941,0.991,0.252,0.784,0.825,0.866,0.907,0.948
K105+225,1.134,1.143,4.104,-6.007,7.523,0.253,0.791,0.841,0.891,0.941,0.991,0.252,0.784,0.825,0.866,0.907,0.948
K105+250,1.332,0.568,3.907,-6.164,6.721,0.253,0.791,0.841,0.891,0.941,0.991,0.252,0.784,0.825,0.866,0.907,0.948
K105+275,1.819,0.429,4.124,-6.068,7.611,0.253,0.791,0.841,0.891,0.941,0.991,0.252,0.784,0.825,0.866,0.907,0.948
K105+300,1.390,0.671,4.108,-6.129,7.482,0.253,0.791,0.841,0.891,0.941,0.991,0.252,0.784,0.825,0.866,0.907,0.948
K105+325,2.164,0.373,4.005,-6.150,7.091,0.253,0.791,0.841,0.890,0.940,0.989,0.252,0.785,0.826,0.868,0.909,0.951
K105+350,1.932,0.157,3.906,-6.314,6.538,0.253,0.790,0.838,0.886,0.934,0.982,0.252,0.787,0.830,0.874,0.918,0.962
K105+375,1.808,0.119,3.890,-6.531,6.294,0.253,0.789,0.837,0.884,0.932,0.979,0.253,0.789,0.835,0.882,0.928,0.974
K105+400,3.231,0.000,4.124,-6.857,6.683,0.253,0.788,0.834,0.880,0.925,0.971,0.253,0.789,0.837,0.884,0.932,0.979
K105+425,4.384,0.000,4.493,-8.025,6.714,0.252,0.786,0.829,0.873,0.916,0.959,0.253,0.790,0.839,0.887,0.935,0.984
K105+450,4.578,0.003,4.891,-9.447,6.701,0.252,0.784,0.825,0.866,0.907,0.948,0.253,0.791,0.841,0.891,0.941,0.991
K105+475,4.106,0.434,4.674,-9.510,5.829,0.252,0.784,0.825,0.866,0.907,0.948,0.253,0.791,0.841,0.891,0.941,0.991
K105+500,4.599,0.507,5.079,-9.481,6.997,0.252,0.784,0.825,0.866,0.907,0.948,0.253,0.791,0.841,0.891,0.941,0.991
K105+525,3.389,0.543,4.681,-9.337,6.066,0.252,0.784,0.825,0.866,0.907,0.948,0.253,0.791,0.841,0.891,0.941,0.991
K105+550,2.292,1.612,3.876,-6.893,5.755,0.252,0.784,0.825,0.866,0.907,0.948,0.253,0.791,0.841,0.891,0.941,0.991
K105+575,1.641,1.552,3.949,-6.933,6.049,0.252,0.784,0.825,0.866,0.907,0.948,0.253,0.791,0.841,0.891,0.941,0.991
K105+600,0.300,3.837,4.435,-6.695,7.941,0.252,0.786,0.829,0.872,0.915,0.958,0.253,0.790,0.839,0.887,0.936,0.984
K105+625,0.000,4.327,3.579,-6.145,5.629,0.253,0.788,0.833,0.879,0.924,0.970,0.253,0.789,0.837,0.884,0.932,0.979
K105+650,0.003,3.907,3.566,-5.471,6.311,0.253,0.789,0.837,0.884,0.932,0.979,0.253,0.789,0.837,0.884,0.932,0.979
K105+675,0.156,1.682,3.794,-5.981,6.466,0.253,0.789,0.837,0.884,0.932,0.979,0.253,0.788,0.833,0.878,0.924,0.969
K105+700,2.449,0.431,4.062,-5.903,7.458,0.253,0.790,0.839,0.888,0.936,0.985,0.252,0.786,0.829,0.871,0.914,0.957
K105+725,2.689,0.073,4.310,-6.491,7.744,0.253,0.791,0.841,0.891,0.941,0.991,0.252,0.784,0.825,0.866,0.907,0.948
K105+750,2.233,1.218,4.085,-6.004,7.354,0.253,0.791,0.841,0.891,0.941,0.991,0.252,0.784,0.825,0.866,0.907,0.948
K105+775,2.060,0.278,3.993,-6.190,6.924,0.253,0.791,0.841,0.891,0.941,0.991,0.252,0.784,0.825,0.866,0.907,0.948
K105+800,2.174,0.984,3.998,-6.502,6.377,0.253,0.790,0.839,0.887,0.936,0.984,0.252,0.786,0.829,0.872,0.916,0.959
K105+825,2.452,0.000,4.091,-6.670,6.847,0.253,0.789,0.837,0.884,0.932,0.979,0.253,0.788,0.834,0.879,0.925,0.971
K105+850,1.354,0.302,3.845,-6.691,5.934,0.253,0.789,0.837,0.884,0.932,0.979,0.253,0.789,0.837,0.884,0.932,0.979
K105+875,1.782,0.056,3.935,-6.520,6.431,0.253,0.789,0.837,0.884,0.932,0.979,0.253,0.789,0.837,0.884,0.932,0.979
K105+900,2.458,0.216,3.853,-6.109,6.482,0.253,0.789,0.837,0.884,0.932,0.979,0.253,0.789,0.837,0.884,0.932,0.979
K105+925,2.191,0.357,4.710,-9.184,6.190,0.253,0.789,0.837,0.884,0.932,0.979,0.253,0.789,0.837,0.884,0.932,0.979
K105+950,4.135,0.317,4.982,-9.309,6.771,0.252,0.787,0.832,0.877,0.922,0.967,0.253,0.789,0.837,0.884,0.932,0.979
K105+975,6.787,0.000,5.272,-10.079,7.380,0.252,0.785,0.828,0.870,0.913,0.955,0.253,0.790,0.838,0.885,0.933,0.981
K106+000,8.033,0.008,5.187,-10.529,6.597,0.252,0.785,0.827,0.869,0.912,0.954,0.253,0.790,0.839,0.887,0.935,0.983
K106+025,8.351,0.007,5.143,-10.349,6.595,0.252,0.785,0.827,0.869,0.912,0.954,0.253,0.790,0.839,0.887,0.935,0.983
K106+050,6.837,0.000,5.073,-9.969,6.768,0.252,0.785,0.827,0.869,0.912,0.954,0.253,0.790,0.839,0.887,0.935,0.983
K106+075,6.574,0.000,5.109,-9.975,6.875,0.252,0.785,0.827,0.869,0.912,0.954,0.253,0.790,0.839,0.887,0.935,0.983
K106+100,3.746,0.041,4.890,-9.432,6.735,0.252,0.786,0.828,0.871,0.914,0.956,0.253,0.790,0.837,0.885,0.932,0.980
K106+125,1.215,0.144,3.977,-6.210,6.934,0.253,0.788,0.833,0.878,0.923,0.968,0.253,0.789,0.837,0.884,0.932,0.979
K106+150,0.451,0.104,4.036,-6.654,6.735,0.253,0.789,0.837,0.884,0.932,0.979,0.253,0.789,0.837,0.884,0.932,0.979
K106+175,0.161,0.607,3.985,-6.614,6.541,0.253,0.789,0.837,0.884,0.932,0.979,0.253,0.789,0.837,0.884,0.932,0.979
K106+200,0.101,1.391,3.812,-6.740,5.748,0.253,0.789,0.837,0.884,0.932,0.979,0.253,0.789,0.837,0.884,0.932,0.979
K106+225,1.604,0.051,3.946,-6.658,6.383,0.253,0.789,0.837,0.884,0.932,0.979,0.253,0.789,0.837,0.884,0.932,0.979
K106+250,4.145,0.023,4.091,-6.961,6.494,0.253,0.789,0.837,0.884,0.932,0.979,0.253,0.789,0.837,0.884,0.932,0.979
K106+275,6.157,0.227,5.130,-9.787,6.827,0.253,0.789,0.837,0.884,0.932,0.979,0.253,0.789,0.837,0.884,0.932,0.979
K106+300,11.335,0.000,5.386,-10.052,7.739,0.253,0.789,0.837,0.884,0.932,0.979,0.253,0.789,0.837,0.884,0.932,0.979
K106+325,14.032,0.017,6.148,-10.305,10.082,0.253,0.789,0.837,0.884,0.932,0.979,0.253,0.789,0.837,0.884,0.932,0.979
K106+350,14.966,0.000,6.592,-10.666,11.028,0.253,0.789,0.837,0.884,0.932,0.979,0.253,0.789,0.837,0.884,0.932,0.979
K106+375,15.703,0.000,6.468,-10.843,10.508,0.253,0.789,0.837,0.884,0.932,0.979,0.253,0.789,0.837,0.884,0.932,0.979
K106+400,14.604,0.006,6.693,-11.009,11.012,0.253,0.789,0.837,0.884,0.932,0.979,0.253,0.789,0.837,0.884,0.932,0.979
K106+425,12.584,0.072,6.581,-10.922,10.725,0.253,0.789,0.837,0.884,0.932,0.979,0.253,0.789,0.837,0.884,0.932,0.979
K106+450,9.918,0.050,6.468,-10.854,10.457,0.253,0.789,0.837,0.884,0.932,0.979,0.253,0.789,0.837,0.884,0.932,0.979
K106+475,9.629,0.003,6.630,-11.120,10.649,0.253,0.789,0.837,0.884,0.932,0.979,0.253,0.789,0.837,0.884,0.932,0.979
K106+500,6.372,0.498,6.286,-10.499,10.022,0.253,0.789,0.837,0.884,0.932,0.979,0.253,0.789,0.837,0.884,0.932,0.979
K106+525,6.128,0.134,6.241,-10.257,10.256,0.253,0.789,0.837,0.884,0.932,0.979,0.253,0.789,0.837,0.884,0.932,0.979
K106+550,6.784,0.000,5.261,-10.193,7.116,0.253,0.789,0.837,0.884,0.932,0.979,0.253,0.789,0.837,0.884,0.932,0.979
K106+575,7.553,0.510,6.306,-10.323,10.363,0.253,0.789,0.837,0.884,0.932,0.979,0.253,0.789,0.837,0.884,0.932,0.979
K106+600,6.820,0.000,5.275,-10.582,6.832,0.253,0.789,0.837,0.884,0.932,0.979,0.253,0.789,0.837,0.884,0.932,0.979
K106+625,6.010,0.002,5.277,-10.685,6.624,0.253,0.789,0.837,0.884,0.932,0.979,0.253,0.789,0.837,0.884,0.932,0.979
K106+650,6.354,0.000,5.151,-10.019,7.004,0.253,0.789,0.837,0.884,0.932,0.979,0.253,0.789,0.837,0.884,0.932,0.979
K106+675,7.366,0.167,6.372,-10.624,10.317,0.253,0.789,0.837,0.884,0.932,0.979,0.253,0.789,0.837,0.884,0.932,0.979
K106+700,11.181,0.450,6.281,-10.773,10.006,0.253,0.789,0.837,0.884,0.932,0.979,0.253,0.789,0.837,0.884,0.932,0.979
K106+725,10.027,0.000,5.542,-10.880,7.347,0.253,0.789,0.837,0.884,0.932,0.979,0.253,0.789,0.837,0.884,0.932,0.979
K106+750,11.115,0.258,6.517,-10.885,10.533,0.253,0.789,0.837,0.884,0.932,0.979,0.253,0.789,0.837,0.884,0.932,0.979
K106+775,9.502,0.000,5.541,-10.771,7.450,0.253,0.789,0.837,0.884,0.932,0.979,0.253,0.789,0.837,0.884,0.932,0.979
K106+800,13.268,0.059,6.705,-11.076,10.952,0.253,0.789,0.837,0.884,0.932,0.979,0.253,0.789,0.837,0.884,0.932,0.979
K106+825,12.195,0.042,6.486,-10.732,10.600,0.253,0.789,0.837,0.884,0.932,0.979,0.253,0.789,0.837,0.884,0.932,0.979
K106+850,11.991,0.024,6.499,-10.748,10.703,0.253,0.789,0.837,0.884,0.932,0.979,0.253,0.789,0.837,0.884,0.932,0.979
K106+875,11.647,0.054,6.423,-10.945,10.264,0.253,0.789,0.837,0.884,0.932,0.979,0.253,0.789,0.837,0.884,0.932,0.979
K106+900,13.169,0.000,0.554,-11.500,7.287,0.253,0.789,0.837,0.884,0.932,0.979,0.253,0.789,0.837,0.884,0.932,0.979
K106+925,12.311,0.146,6.573,-11.281,10.400,0.253,0.789,0.837,0.884,0.932,0.979,0.253,0.789,0.837,0.884,0.932,0.979
K106+950,13.510,0.000,6.750,-11.172,11.064,0.253,0.789,0.837,0.884,0.932,0.979,0.253,0.789,0.837,0.884,0.932,0.979
K106+975,14.181,0.132,6.805,-11.392,10.952,0.253,0.789,0.837,0.884,0.932,0.979,0.253,0.789,0.837,0.884,0.932,0.979
K107+000,16.066,0.006,7.108,-10.904,10.331,0.253,0.789,0.837,0.884,0.932,0.979,0.253,0.789,0.837,0.884,0.932,0.979
K107+025,13.098,0.000,5.664,-11.253,7.475,0.253,0.789,0.837,0.884,0.932,0.979,0.253,0.789,0.837,0.884,0.932,0.979
K107+050,9.053,0.000,5.195,-9.696,7.561,0.253,0.789,0.837,0.884,0.932,0.979,0.253,0.789,0.837,0.884,0.932,0.979
K107+075,14.539,0.032,6.458,-11.425,9.916,0.253,0.789,0.837,0.884,0.932,0.979,0.253,0.789,0.837,0.884,0.932,0.979
K107+100,15.489,0.021,6.645,-11.344,10.556,0.253,0.789,0.837,0.884,0.932,0.979,0.253,0.789,0.837,0.884,0.932,0.979
K107+125,20.954,0.000,7.155,-11.752,11.605,0.253,0.789,0.837,0.884,0.932,0.979,0.253,0.789,0.837,0.884,0.932,0.979
K107+150,20.599,0.000,7.003,-11.656,11.350,0.253,0.789,0.837,0.884,0.932,0.979,0.253,0.789,0.837,0.884,0.932,0.979
K107+175,19.540,0.000,6.897,-11.395,11.288,0.253,0.789,0.837,0.884,0.932,0.979,0.253,0.789,0.837,0.884,0.932,0.979
K107+200,21.202,0.000,6.872,-11.653,11.138,0.253,0.789,0.837,0.884,0.932,0.979,0.253,0.789,0.837,0.884,0.932,0.979
K107+225,17.485,0.021,6.893,-11.517,11.178,0.253,0.789,0.837,0.884,0.932,0.979,0.253,0.789,0.837,0.884,0.932,0.979
K107+250,17.858,0.000,6.980,-11.712,11.283,0.253,0.789,0.837,0.884,0.932,0.979,0.253,0.789,0.837,0.884,0.932,0.979
K107+275,17.886,0.000,6.956,-11.723,11.250,0.253,0.789,0.837,0.884,0.932,0.979,0.253,0.789,0.837,0.884,0.932,0.979
K107+300,16.966,0.000,6.894,-11.518,11.245,0.253,0.789,0.837,0.884,0.932,0.979,0.253,0.789,0.837,0.884,0.932,0.979
K107+325,18.134,0.000,6.882,-11.440,11.294,0.253,0.789,0.837,0.884,0.932,0.979,0.253,0.789,0.837,0.884,0.932,0.979
K107+350,14.430,0.004,6.682,-11.469,10.638,0.253,0.789,0.837,0.884,0.932,0.979,0.253,0.789,0.837,0.884,0.932,0.979
K107+375,15.787,0.012,6.760,-11.720,10.616,0.253,0.789,0.837,0.884,0.932,0.979,0.253,0.789,0.837,0.884,0.932,0.979
K107+400,16.174,0.036,6.733,-11.599,10.611,0.253,0.789,0.837,0.884,0.932,0.979,0.253,0.789,0.837,0.884,0.932,0.979
K107+425,18.218,0.000,6.888,-11.690,11.125,0.253,0.789,0.837,0.884,0.932,0.979,0.253,0.789,0.837,0.884,0.932,0.979
K107+450,16.384,0.045,6.614,-11.687,10.189,0.253,0.789,0.837,0.884,0.932,0.979,0.253,0.789,0.837,0.884,0.932,0.979
K107+475,17.691,0.000,6.804,-11.628,10.885,0.253,0.789,0.837,0.884,0.932,0.979,0.253,0.789,0.837,0.884,0.932,0.979
K107+500,14.479,0.044,6.734,-11.422,10.780,0.253,0.789,0.837,0.884,0.932,0.979,0.253,0.789,0.837,0.884,0.932,0.979
K107+525,13.549,0.000,6.724,-11.250,10.978,0.253,0.789,0.837,0.884,0.932,0.979,0.253,0.789,0.837,0.884,0.932,0.979
K107+550,12.524,0.011,6.667,-11.291,10.751,0.253,0.789,0.837,0.884,0.932,0.979,0.253,0.789,0.837,0.884,0.932,0.979
K107+575,10.782,0.122,6.711,-11.192,10.869,0.253,0.789,0.837,0.884,0.932,0.979,0.253,0.789,0.837,0.884,0.932,0.979
K107+600,10.679,0.020,6.696,-11.214,10.891,0.253,0.789,0.837,0.884,0.932,0.979,0.253,0.789,0.837,0.884,0.932,0.979
K107+625,10.055,0.000,6.744,-11.249,10.981,0.253,0.789,0.837,0.884,0.932,0.979,0.253,0.789,0.837,0.884,0.932,0.979
K107+650,8.745,0.000,6.548,-10.739,10.913,0.253,0.789,0.837,0.884,0.932,0.979,0.253,0.789,0.837,0.884,0.932,0.979
K107+675,7.938,0.000,6.566,-11.022,10.633,0.253,0.789,0.837,0.884,0.932,0.979,0.253,0.789,0.837,0.884,0.932,0.979
K107+700,6.614,0.182,6.312,-10.531,10.342,0.253,0.789,0.837,0.884,0.932,0.979,0.253,0.789,0.837,0.884,0.932,0.979
K107+725,8.919,0.001,6.425,-10.752,10.499,0.253,0.789,0.837,0.884,0.932,0.979,0.253,0.789,0.837,0.884,0.932,0.979
K107+750,8.943,0.115,6.391,-10.797,10.335,0.253,0.789,0.837,0.884,0.932,0.979,0.253,0.789,0.837,0.884,0.932,0.979
K107+775,10.113,0.000,6.558,-11.125,10.572,0.253,0.789,0.837,0.884,0.932,0.979,0.253,0.789,0.837,0.884,0.932,0.979
K107+800,11.093,0.000,6.581,-11.199,10.572,0.253,0.789,0.837,0.884,0.932,0.979,0.253,0.789,0.837,0.884,0.932,0.979
K107+825,11.497,0.000,6.666,-10.952,11.052,0.253,0.789,0.837,0.884,0.932,0.979,0.253,0.789,0.837,0.884,0.932,0.979
K107+850,9.718,0.000,6.761,-11.060,11.090,0.253,0.789,0.837,0.884,0.932,0.979,0.253,0.789,0.837,0.884,0.932,0.979
K107+875,12.105,0.000,6.743,-11.066,11.183,0.253,0.789,0.837,0.884,0.932,0.979,0.253,0.789,0.837,0.884,0.932,0.979
K107+900,11.820,0.000,6.780,-11.246,11.108,0.253,0.789,0.837,0.884,0.932,0.979,0.253,0.789,0.837,0.884,0.932,0.979
K107+925,11.569,0.000,6.647,-10.968,10.971,0.253,0.789,0.837,0.884,0.932,0.979,0.253,0.789,0.837,0.884,0.932,0.979
K107+950,11.695,0.000,6.717,-11.240,10.924,0.253,0.789,0.837,0.884,0.932,0.979,0.253,0.789,0.837,0.884,0.932,0.979
K107+975,11.493,0.000,6.826,-11.172,11.267,0.253,0.789,0.837,0.884,0.932,0.979,0.253,0.789,0.837,0.884,0.932,0.979
K108+000,11.947,0.000,6.879,-11.439,11.202,0.253,0.789,0.837,0.884,0.932,0.979,0.253,0.789,0.837,0.884,0.932,0.979
K108+025,13.394,0.000,6.886,-11.216,11.359,0.253,0.789,0.837,0.884,0.932,0.979,0.253,0.789,0.837,0.884,0.932,0.979
K108+050,14.697,0.000,6.689,-11.327,10.803,0.253,0.789,0.837,0.884,0.932,0.979,0.253,0.789,0.837,0.884,0.932,0.979
K108+075,14.865,0.000,6.644,-11.186,10.798,0.253,0.789,0.837,0.884,0.932,0.979,0.253,0.789,0.837,0.884,0.932,0.979
K108+100,15.861,0.000,6.706,-11.215,10.971,0.253,0.789,0.837,0.884,0.932,0.979,0.253,0.789,0.837,0.884,0.932,0.979
K108+125,19.048,0.000,6.829,-11.585,11.000,0.253,0.789,0.837,0.884,0.932,0.979,0.253,0.789,0.837,0.884,0.932,0.979
K108+150,19.604,0.000,6.825,-11.320,11.326,0.253,0.789,0.837,0.884,0.932,0.979,0.253,0.789,0.837,0.884,0.932,0.979
K108+175,21.168,0.000,6.853,-11.394,11.319,0.253,0.789,0.837,0.884,0.932,0.979,0.253,0.789,0.837,0.884,0.932,0.979
K108+200,19.017,0.000,6.737,-11.074,11.233,0.253,0.789,0.837,0.884,0.932,0.979,0.253,0.789,0.837,0.884,0.932,0.979
K108+225,19.086,0.000,6.818,-11.359,11.217,0.253,0.789,0.837,0.884,0.932,0.979,0.253,0.789,0.837,0.884,0.932,0.979
K108+600,0.564,0.913,4.049,-6.300,7.099,0.253,0.789,0.837,0.884,0.932,0.979,0.253,0.789,0.837,0.884,0.932,0.979
K108+625,0.483,1.683,4.093,-6.595,6.937,0.253,0.789,0.837,0.884,0.932,0.979,0.253,0.789,0.837,0.884,0.932,0.979
K108+650,0.223,2.140,3.953,-6.541,6.551,0.253,0.789,0.837,0.884,0.932,0.979,0.253,0.789,0.837,0.884,0.932,0.979
K108+675,0.088,2.748,3.811,-5.845,6.783,0.253,0.789,0.837,0.884,0.932,0.979,0.253,0.789,0.837,0.884,0.932,0.979
K108+700,0.000,2.642,3.865,-6.255,6.572,0.253,0.789,0.837,0.884,0.932,0.979,0.253,0.789,0.837,0.884,0.932,0.979
K108+725,0.000,3.282,3.863,-6.238,6.590,0.253,0.789,0.837,0.884,0.932,0.979,0.253,0.789,0.837,0.884,0.932,0.979
K108+750,0.000,3.302,3.849,-6.185,6.610,0.253,0.789,0.837,0.884,0.932,0.979,0.253,0.789,0.837,0.884,0.932,0.979
K108+775,0.000,3.511,3.816,-6.120,6.549,0.253,0.789,0.837,0.884,0.932,0.979,0.253,0.789,0.837,0.884,0.932,0.979
K108+800,0.000,3.841,3.778,-6.054,6.458,0.253,0.789,0.837,0.884,0.932,0.979,0.253,0.789,0.837,0.884,0.932,0.979
K108+825,0.000,4.788,3.593,-5.544,6.348,0.253,0.789,0.837,0.884,0.932,0.979,0.253,0.789,0.837,0.884,0.932,0.979
K108+850,0.000,4.845,3.690,-5.950,6.277,0.253,0.789,0.837,0.884,0.932,0.979,0.253,0.789,0.837,0.884,0.932,0.979
K108+875,0.000,5.933,3.637,-6.036,6.019,0.253,0.789,0.837,0.884,0.932,0.979,0.253,0.789,0.837,0.884,0.932,0.979
K108+900,0.000,6.579,3.632,-5.956,6.058,0.253,0.789,0.837,0.884,0.932,0.979,0.253,0.789,0.837,0.884,0.932,0.979
K108+925,0.000,6.140,3.653,-6.015,6.097,0.253,0.789,0.837,0.884,0.932,0.979,0.253,0.789,0.837,0.884,0.932,0.979
K108+950,0.000,5.598,3.600,-6.013,5.924,0.253,0.789,0.837,0.884,0.932,0.979,0.253,0.789,0.837,0.884,0.932,0.979
K108+975,0.000,5.900,3.652,-5.948,6.152,0.253,0.789,0.837,0.884,0.932,0.979,0.253,0.789,0.837,0.884,0.932,0.979
K109+000,0.000,5.894,3.590,-5.961,5.932,0.253,0.789,0.837,0.884,0.932,0.979,0.253,0.789,0.837,0.884,0.932,0.979
K109+025,0.000,4.368,3.818,-6.354,6.317,0.253,0.789,0.837,0.884,0.932,0.979,0.253,0.789,0.837,0.884,0.932,0.979
K109+050,0.008,3.135,3.812,-6.629,6.052,0.253,0.789,0.837,0.884,0.932,0.979,0.253,0.789,0.837,0.884,0.932,0.979
K109+075,0.041,2.600,4.031,-6.678,6.703,0.253,0.789,0.837,0.884,0.932,0.979,0.253,0.789,0.837,0.884,0.932,0.979
K109+100,0.000,3.171,3.703,-6.221,6.080,0.253,0.789,0.837,0.884,0.932,0.979,0.253,0.789,0.837,0.884,0.932,0.979
K109+125,0.012,2.517,3.894,-6.135,6.814,0.253,0.789,0.837,0.884,0.932,0.979,0.253,0.789,0.837,0.884,0.932,0.979
K109+150,0.454,0.591,4.248,-6.638,7.470,0.253,0.789,0.837,0.884,0.932,0.979,0.253,0.789,0.837,0.884,0.932,0.979
K109+175,0.917,0.145,4.038,-6.390,7.050,0.253,0.789,0.837,0.884,0.932,0.979,0.253,0.789,0.837,0.884,0.932,0.979
K109+200,2.222,0.000,4.911,-9.308,7.022,0.253,0.789,0.837,0.884,0.932,0.979,0.253,0.789,0.837,0.884,0.932,0.979
K109+225,1.996,0.000,4.210,-6.869,7.156,0.253,0.789,0.837,0.884,0.932,0.979,0.253,0.789,0.837,0.884,0.932,0.979
K109+250,1.819,0.000,4.233,-6.749,7.331,0.253,0.789,0.837,0.884,0.932,0.979,0.253,0.789,0.837,0.884,0.932,0.979
K109+275,3.238,0.000,5.125,-9.495,7.537,0.253,0.789,0.837,0.884,0.932,0.979,0.253,0.789,0.837,0.884,0.932,0.979
K109+300,1.650,0.000,4.127,-6.858,6.893,0.253,0.789,0.837,0.884,0.932,0.979,0.253,0.789,0.837,0.884,0.932,0.979
K109+325,3.214,0.000,4.234,-6.972,7.133,0.253,0.789,0.837,0.884,0.932,0.979,0.253,0.789,0.837,0.884,0.932,0.979
K109+350,5.536,0.000,4.979,-9.390,7.205,0.253,0.789,0.837,0.884,0.932,0.979,0.253,0.789,0.837,0.884,0.932,0.979
K109+375,6.995,0.000,5.021,-9.516,7.210,0.253,0.789,0.837,0.884,0.932,0.979,0.253,0.789,0.837,0.884,0.932,0.979
K109+400,8.431,0.000,5.183,-9.886,7.385,0.253,0.789,0.837,0.884,0.932,0.979,0.253,0.789,0.837,0.884,0.932,0.979
K109+425,7.628,0.000,5.107,-9.519,7.495,0.253,0.789,0.837,0.884,0.932,0.979,0.253,0.789,0.837,0.884,0.932,0.979
K109+450,7.947,0.000,5.157,-9.664,7.518,0.253,0.789,0.837,0.884,0.932,0.979,0.253,0.789,0.837,0.884,0.932,0.979
K109+475,6.569,0.000,5.024,-9.437,7.300,0.253,0.789,0.837,0.884,0.932,0.979,0.253,0.789,0.837,0.884,0.932,0.979
K109+500,4.921,0.000,4.931,-9.328,7.096,0.253,0.789,0.837,0.884,0.932,0.979,0.253,0.789,0.837,0.884,0.932,0.979
K109+525,2.870,0.000,4.832,-9.408,6.687,0.253,0.789,0.837,0.884,0.932,0.979,0.253,0.789,0.837,0.884,0.932,0.979
K109+550,2.435,0.026,4.924,-9.807,6.572,0.253,0.789,0.837,0.884,0.932,0.979,0.253,0.789,0.837,0.884,0.932,0.979
K109+575,1.080,1.162,4.917,-9.758,6.577,0.253,0.789,0.837,0.884,0.932,0.979,0.253,0.789,0.837,0.884,0.932,0.979
K109+600,0.732,0.011,4.014,-6.751,6.623,0.253,0.789,0.837,0.884,0.932,0.979,0.253,0.789,0.837,0.884,0.932,0.979
K109+625,1.375,0.094,3.999,-6.474,6.849,0.253,0.789,0.837,0.884,0.932,0.979,0.253,0.789,0.837,0.884,0.932,0.979
K109+650,2.003,0.000,4.128,-6.741,7.011,0.253,0.789,0.837,0.884,0.932,0.979,0.253,0.789,0.837,0.884,0.932,0.979
K109+675,2.306,0.000,4.188,-6.778,7.167,0.253,0.789,0.837,0.884,0.932,0.979,0.253,0.789,0.837,0.884,0.932,0.979
K109+700,2.036,0.000,4.201,-6.859,7.132,0.253,0.789,0.837,0.884,0.932,0.979,0.253,0.789,0.837,0.884,0.932,0.979
K109+725,0.659,0.074,4.037,-6.537,6.903,0.253,0.789,0.837,0.884,0.932,0.979,0.253,0.789,0.837,0.884,0.932,0.979
K109+750,0.093,0.675,4.057,-6.594,6.909,0.253,0.789,0.837,0.884,0.932,0.979,0.253,0.789,0.837,0.884,0.932,0.979
K109+775,0.218,0.283,4.088,-6.601,7.007,0.253,0.789,0.837,0.884,0.932,0.979,0.253,0.789,0.837,0.884,0.932,0.979
K109+800,0.326,0.218,4.112,-6.856,6.837,0.253,0.789,0.837,0.884,0.932,0.979,0.253,0.789,0.837,0.884,0.932,0.979
K109+825,0.000,1.893,3.905,-6.437,6.562,0.253,0.789,0.837,0.884,0.932,0.979,0.253,0.789,0.837,0.884,0.932,0.979
K109+850,0.104,0.400,4.045,-6.669,6.800,0.253,0.789,0.837,0.884,0.932,0.979,0.253,0.788,0.834,0.880,0.926,0.972
K109+875,0.781,0.379,4.167,-6.687,7.183,0.253,0.789,0.837,0.884,0.932,0.979,0.252,0.786,0.829,0.873,0.916,0.959
K109+900,0.822,1.416,4.054,-6.270,7.228,0.253,0.791,0.841,0.891,0.941,0.990,0.252,0.784,0.825,0.866,0.907,0.949
K109+925,0.937,0.975,4.152,-6.343,7.469,0.253,0.791,0.841,0.891,0.941,0.991,0.252,0.784,0.825,0.866,0.907,0.948
K109+950,0.402,1.395,4.007,-6.326,7.016,0.253,0.790,0.838,0.886,0.934,0.982,0.252,0.785,0.828,0.870,0.912,0.955
K109+975,0.011,1.705,3.904,-6.302,6.691,0.253,0.789,0.837,0.884,0.932,0.979,0.252,0.787,0.832,0.877,0.922,0.966
K110+000,0.000,3.228,3.775,-6.402,6.169,0.253,0.789,0.837,0.884,0.932,0.979,0.253,0.789,0.837,0.884,0.932,0.979
K110+025,0.000,3.281,3.649,-6.037,6.117,0.253,0.789,0.837,0.884,0.932,0.979,0.253,0.789,0.837,0.884,0.932,0.979
K110+050,0.000,3.455,3.694,-6.351,5.954,0.253,0.789,0.837,0.884,0.932,0.979,0.253,0.789,0.837,0.884,0.932,0.979
K110+075,0.000,4.481,3.639,-6.162,5.956,0.253,0.789,0.837,0.884,0.932,0.979,0.253,0.789,0.837,0.884,0.932,0.979
K110+100,0.000,5.014,3.534,-5.944,5.823,0.253,0.789,0.837,0.884,0.932,0.979,0.253,0.789,0.837,0.884,0.932,0.979
K110+125,0.000,4.514,3.591,-5.977,5.979,0.253,0.789,0.837,0.884,0.932,0.979,0.253,0.789,0.837,0.884,0.932,0.979
K110+150,0.000,5.850,3.461,-5.723,5.802,0.253,0.789,0.837,0.884,0.932,0.979,0.253,0.789,0.837,0.884,0.932,0.979
K110+175,0.000,7.601,3.809,-5.384,7.301,0.253,0.789,0.837,0.884,0.932,0.979,0.253,0.789,0.837,0.884,0.932,0.979
K110+200,0.000,6.889,3.881,-5.714,7.204,0.253,0.789,0.837,0.884,0.932,0.979,0.253,0.789,0.837,0.884,0.932,0.979
K110+225,0.000,6.426,3.893,-5.686,7.283,0.253,0.789,0.837,0.884,0.932,0.979,0.253,0.789,0.837,0.884,0.932,0.979
K110+250,0.000,4.892,3.511,-5.803,5.886,0.253,0.789,0.837,0.884,0.932,0.979,0.253,0.789,0.837,0.884,0.932,0.979
K110+275,0.000,3.734,3.661,-6.067,6.122,0.253,0.789,0.837,0.884,0.932,0.979,0.253,0.789,0.837,0.884,0.932,0.979
K110+300,0.000,3.392,3.687,-6.089,6.188,0.253,0.789,0.837,0.884,0.932,0.979,0.253,0.789,0.837,0.884,0.932,0.979
K110+325,0.000,1.952,3.773,-6.394,6.172,0.253,0.789,0.837,0.884,0.932,0.979,0.253,0.789,0.837,0.884,0.932,0.979
K110+350,0.827,0.007,4.122,-6.874,6.852,0.253,0.789,0.837,0.884,0.932,0.979,0.253,0.789,0.837,0.884,0.932,0.979
K110+375,3.148,0.000,4.937,-9.321,7.115,0.253,0.789,0.837,0.884,0.932,0.979,0.253,0.789,0.837,0.884,0.932,0.979
K110+400,3.175,0.000,4.833,-9.156,6.941,0.253,0.789,0.837,0.884,0.932,0.979,0.253,0.789,0.837,0.884,0.932,0.979
K110+425,3.676,0.000,4.903,-9.163,7.160,0.253,0.789,0.837,0.884,0.932,0.979,0.253,0.789,0.837,0.884,0.932,0.979
K110+450,7.906,0.000,5.377,-10.448,7.428,0.253,0.789,0.837,0.884,0.932,0.979,0.253,0.789,0.837,0.884,0.932,0.979
K110+475,9.671,0.000,5.480,-10.596,7.636,0.253,0.789,0.837,0.884,0.932,0.979,0.253,0.789,0.837,0.884,0.932,0.979
K110+500,12.338,0.000,6.400,-10.769,10.511,0.253,0.789,0.837,0.884,0.932,0.979,0.253,0.789,0.837,0.884,0.932,0.979
K110+525,13.102,0.000,6.357,-10.736,10.418,0.253,0.789,0.837,0.884,0.932,0.979,0.253,0.789,0.837,0.884,0.932,0.979
K110+550,15.630,0.000,6.399,-11.024,10.276,0.253,0.789,0.837,0.884,0.932,0.979,0.253,0.789,0.837,0.884,0.932,0.979
K110+575,15.801,0.000,6.322,-10.600,10.461,0.253,0.789,0.837,0.884,0.932,0.979,0.253,0.789,0.837,0.884,0.932,0.979
K110+600,16.433,0.000,6.240,-10.234,10.555,0.253,0.789,0.837,0.884,0.932,0.979,0.253,0.789,0.837,0.884,0.932,0.979
K110+625,18.329,0.000,6.351,-10.549,10.611,0.253,0.789,0.837,0.884,0.932,0.979,0.253,0.789,0.837,0.884,0.932,0.979
K110+650,20.325,0.000,6.545,-10.827,10.974,0.253,0.789,0.837,0.884,0.932,0.979,0.253,0.789,0.837,0.884,0.932,0.979
K110+675,21.593,0.000,6.528,-10.779,10.971,0.253,0.789,0.837,0.884,0.932,0.979,0.253,0.789,0.837,0.884,0.932,0.979
K110+700,21.415,0.000,6.452,-10.701,10.800,0.253,0.789,0.837,0.884,0.932,0.979,0.253,0.789,0.837,0.884,0.932,0.979
K110+725,23.019,0.000,6.585,-10.859,11.086,0.253,0.789,0.837,0.884,0.932,0.979,0.253,0.789,0.837,0.884,0.932,0.979
K110+750,24.810,0.000,6.657,-11.082,11.102,0.253,0.789,0.837,0.884,0.932,0.979,0.253,0.789,0.837,0.884,0.932,0.979
K110+775,24.067,0.000,6.960,-11.469,11.521,0.253,0.789,0.837,0.884,0.932,0.979,0.253,0.789,0.837,0.884,0.932,0.979
K110+800,24.582,0.000,6.884,-11.338,11.550,0.253,0.789,0.837,0.884,0.932,0.979,0.253,0.789,0.837,0.884,0.932,0.979
K110+825,24.143,0.000,6.725,-11.351,11.045,0.253,0.789,0.837,0.884,0.932,0.979,0.253,0.789,0.837,0.884,0.932,0.979
K110+850,23.904,0.000,6.554,-11.131,10.701,0.253,0.789,0.837,0.884,0.932,0.979,0.253,0.789,0.837,0.884,0.932,0.979
K110+875,25.512,0.000,6.705,-11.221,11.116,0.253,0.789,0.837,0.884,0.932,0.979,0.253,0.789,0.837,0.884,0.932,0.979
K110+900,24.307,0.000,6.672,-11.231,10.993,0.253,0.789,0.837,0.884,0.932,0.979,0.253,0.789,0.837,0.884,0.932,0.979
K110+925,19.481,0.000,6.360,-10.664,10.531,0.253,0.789,0.837,0.884,0.932,0.979,0.253,0.789,0.837,0.884,0.932,0.979
K110+950,18.311,0.000,6.370,-10.540,10.683,0.253,0.789,0.837,0.884,0.932,0.979,0.253,0.789,0.837,0.884,0.932,0.979
K110+975,18.287,0.000,6.436,-10.692,10.734,0.253,0.789,0.837,0.884,0.932,0.979,0.253,0.789,0.837,0.884,0.932,0.979
K111+000,18.358,0.000,6.482,-10.514,10.905,0.253,0.789,0.837,0.884,0.932,0.979,0.253,0.789,0.837,0.884,0.932,0.979
K111+025,17.501,0.000,6.392,-10.208,10.872,0.253,0.789,0.837,0.884,0.932,0.979,0.253,0.789,0.837,0.884,0.932,0.979
K111+050,14.911,0.000,6.079,-9.544,10.505,0.253,0.789,0.837,0.884,0.932,0.979,0.253,0.789,0.837,0.884,0.932,0.979
K111+075,15.908,0.000,6.776,-10.800,11.200,0.253,0.789,0.837,0.884,0.932,0.979,0.253,0.789,0.837,0.884,0.932,0.979
K111+100,15.005,0.000,6.533,-10.618,10.941,0.253,0.789,0.837,0.884,0.932,0.979,0.253,0.789,0.837,0.884,0.932,0.979
K111+125,15.986,0.000,6.589,-10.423,11.272,0.253,0.789,0.837,0.884,0.932,0.979,0.253,0.789,0.837,0.884,0.932,0.979
K111+150,15.672,0.000,6.590,-10.665,11.035,0.253,0.789,0.837,0.884,0.932,0.979,0.253,0.789,0.837,0.884,0.932,0.979
K111+175,13.929,0.000,6.308,-10.276,10.586,0.253,0.789,0.837,0.884,0.932,0.979,0.253,0.789,0.837,0.884,0.932,0.979
K111+200,13.397,0.051,6.259,-10.138,10.468,0.253,0.789,0.837,0.884,0.932,0.979,0.253,0.789,0.837,0.884,0.932,0.979
K111+225,12.868,0.134,6.349,-10.041,10.758,0.253,0.789,0.837,0.884,0.932,0.979,0.253,0.789,0.837,0.884,0.932,0.979
K111+250,10.426,0.000,6.178,-9.987,10.539,0.253,0.789,0.837,0.884,0.932,0.979,0.253,0.789,0.837,0.884,0.932,0.979
K111+275,9.660,0.000,6.374,-10.178,10.874,0.253,0.789,0.837,0.884,0.932,0.979,0.253,0.789,0.837,0.884,0.932,0.979
K111+300,10.139,0.203,6.249,-10.002,10.591,0.253,0.789,0.837,0.884,0.932,0.979,0.253,0.789,0.837,0.884,0.932,0.979
K111+325,11.793,0.000,6.283,-10.100,10.705,0.253,0.789,0.837,0.884,0.932,0.979,0.253,0.789,0.837,0.884,0.932,0.979
K111+350,13.048,0.000,6.319,-10.295,10.607,0.253,0.789,0.837,0.884,0.932,0.979,0.253,0.789,0.837,0.884,0.932,0.979
K111+375,12.918,0.002,6.245,-10.192,10.464,0.253,0.789,0.837,0.884,0.932,0.979,0.253,0.789,0.837,0.884,0.932,0.979
K111+400,13.639,0.025,6.259,-10.197,10.497,0.253,0.789,0.837,0.884,0.932,0.979,0.253,0.789,0.837,0.884,0.932,0.979
K111+425,14.006,0.000,6.311,-9.980,10.861,0.253,0.789,0.837,0.884,0.932,0.979,0.253,0.789,0.837,0.884,0.932,0.979
K111+450,12.654,0.000,6.136,-10.023,10.365,0.253,0.789,0.837,0.884,0.932,0.979,0.253,0.789,0.837,0.884,0.932,0.979
K111+475,14.686,0.000,6.342,-10.191,10.767,0.253,0.789,0.837,0.884,0.932,0.979,0.253,0.789,0.837,0.884,0.932,0.979
K111+500,14.631,0.000,6.202,-10.219,10.333,0.253,0.789,0.837,0.884,0.932,0.979,0.253,0.789,0.837,0.884,0.932,0.979
K111+525,16.175,0.000,6.528,-10.845,10.708,0.253,0.789,0.837,0.884,0.932,0.979,0.253,0.789,0.837,0.884,0.932,0.979
K111+550,13.815,0.000,6.220,-9.764,10.726,0.253,0.789,0.837,0.884,0.932,0.979,0.253,0.789,0.837,0.884,0.932,0.979
K111+575,15.606,0.000,6.576,-11.101,10.613,0.253,0.789,0.837,0.884,0.932,0.979,0.253,0.789,0.837,0.884,0.932,0.979
K111+600,12.382,0.070,6.598,-11.036,10.555,0.253,0.789,0.837,0.884,0.932,0.979,0.253,0.789,0.837,0.884,0.932,0.979
K111+625,14.722,0.000,6.293,-9.871,10.917,0.253,0.789,0.837,0.884,0.932,0.979,0.253,0.789,0.837,0.884,0.932,0.979
K111+650,15.107,0.000,6.536,-10.568,10.886,0.253,0.789,0.837,0.884,0.932,0.979,0.253,0.789,0.837,0.884,0.932,0.979
K111+675,15.009,0.000,6.338,-10.108,10.859,0.253,0.789,0.837,0.884,0.932,0.979,0.253,0.789,0.837,0.884,0.932,0.979
K111+700,14.779,0.000,6.915,-10.546,11.131,0.253,0.789,0.837,0.884,0.932,0.979,0.253,0.789,0.837,0.884,0.932,0.979
K111+725,11.362,0.000,6.070,-9.574,10.477,0.253,0.789,0.837,0.884,0.932,0.979,0.253,0.789,0.837,0.884,0.932,0.979
K111+750,15.028,0.000,6.215,-9.786,10.696,0.253,0.789,0.837,0.884,0.932,0.979,0.253,0.789,0.837,0.884,0.932,0.979
K111+775,15.980,0.000,6.252,-9.927,10.695,0.253,0.789,0.837,0.884,0.932,0.979,0.253,0.789,0.837,0.884,0.932,0.979
K111+800,17.565,0.000,6.318,-9.927,10.880,0.253,0.789,0.837,0.884,0.932,0.979,0.253,0.789,0.837,0.884,0.932,0.979
K111+825,19.178,0.000,6.431,-10.145,11.002,0.253,0.789,0.837,0.884,0.932,0.979,0.253,0.789,0.837,0.884,0.932,0.979
K111+850,20.842,0.000,6.522,-10.197,11.292,0.253,0.789,0.837,0.884,0.932,0.979,0.253,0.789,0.837,0.884,0.932,0.979
K111+875,23.266,0.000,6.436,-9.692,11.361,0.253,0.789,0.837,0.884,0.932,0.979,0.253,0.789,0.837,0.884,0.932,0.979
K111+900,24.768,0.000,6.704,-10.562,11.509,0.253,0.789,0.837,0.884,0.932,0.979,0.253,0.789,0.837,0.884,0.932,0.979
K111+925,25.801,0.000,6.553,-10.512,11.120,0.253,0.789,0.837,0.884,0.932,0.979,0.253,0.789,0.837,0.884,0.932,0.979
K111+950,27.781,0.000,6.555,-10.363,11.267,0.253,0.789,0.837,0.884,0.932,0.979,0.253,0.789,0.837,0.884,0.932,0.979
K111+975,29.608,0.000,6.756,-10.486,11.795,0.253,0.789,0.837,0.884,0.932,0.979,0.253,0.789,0.837,0.884,0.932,0.979
K112+000,30.500,0.000,6.746,-10.258,11.956,0.253,0.789,0.837,0.884,0.932,0.979,0.253,0.789,0.837,0.884,0.932,0.979
K112+025,31.609,0.000,7.499,-12.469,11.781,0.253,0.789,0.837,0.884,0.932,0.979,0.253,0.789,0.837,0.884,0.932,0.979
K112+050,31.851,0.000,7.577,-12.501,12.015,0.253,0.789,0.837,0.884,0.932,0.979,0.253,0.789,0.837,0.884,0.932,0.979
K112+075,32.577,0.000,7.391,-12.301,11.682,0.253,0.789,0.837,0.884,0.932,0.979,0.253,0.789,0.837,0.884,0.932,0.979
K112+100,37.037,0.000,7.503,-12.376,12.129,0.253,0.789,0.837,0.884,0.932,0.979,0.253,0.789,0.837,0.884,0.932,0.979
K112+125,33.006,0.000,7.437,-12.679,11.934,0.253,0.789,0.837,0.884,0.932,0.979,0.253,0.789,0.837,0.884,0.932,0.979
K112+150,32.309,0.000,6.811,-10.665,11.721,0.253,0.789,0.837,0.884,0.932,0.979,0.253,0.789,0.837,0.884,0.932,0.979
K112+175,35.842,0.000,7.568,-12.571,12.225,0.253,0.789,0.837,0.884,0.932,0.979,0.253,0.789,0.837,0.884,0.932,0.979
K112+200,33.907,0.000,6.860,-10.375,12.097,0.253,0.789,0.837,0.884,0.932,0.979,0.253,0.789,0.837,0.884,0.932,0.979
K112+225,30.592,0.000,6.688,-10.020,11.966,0.253,0.789,0.837,0.884,0.932,0.979,0.253,0.789,0.837,0.884,0.932,0.979
K112+250,25.877,0.000,6.350,-9.430,11.310,0.253,0.789,0.837,0.884,0.932,0.979,0.253,0.789,0.837,0.884,0.932,0.979
K112+275,24.734,0.000,6.410,-9.266,11.629,0.253,0.789,0.837,0.884,0.932,0.979,0.253,0.789,0.837,0.884,0.932,0.979
K112+300,22.035,0.000,6.412,-10.062,11.040,0.253,0.789,0.837,0.884,0.932,0.979,0.253,0.789,0.837,0.884,0.932,0.979
K112+325,20.334,0.000,6.486,-9.948,11.364,0.253,0.789,0.837,0.884,0.932,0.979,0.253,0.789,0.837,0.884,0.932,0.979
K112+350,16.607,0.000,6.182,-9.384,10.934,0.253,0.789,0.837,0.884,0.932,0.979,0.253,0.789,0.837,0.884,0.932,0.979
K112+375,14.405,0.000,6.055,-9.379,10.513,0.253,0.789,0.837,0.884,0.932,0.979,0.253,0.789,0.837,0.884,0.932,0.979
K112+400,13.224,0.041,6.230,-9.997,10.574,0.253,0.789,0.837,0.884,0.932,0.979,0.253,0.789,0.837,0.884,0.932,0.979
K112+425,11.263,0.000,6.103,-9.704,10.459,0.253,0.789,0.837,0.884,0.932,0.979,0.253,0.789,0.837,0.884,0.932,0.979
K112+450,9.320,0.402,6.221,-9.504,10.754,0.253,0.789,0.837,0.884,0.932,0.979,0.253,0.789,0.837,0.884,0.932,0.979
K112+475,8.072,0.000,5.322,-9.516,7.937,0.253,0.789,0.837,0.884,0.932,0.979,0.253,0.789,0.837,0.884,0.932,0.979
K112+500,6.494,0.000,4.959,-9.369,7.058,0.253,0.789,0.837,0.884,0.932,0.979,0.253,0.789,0.837,0.884,0.932,0.979
K112+525,5.107,0.000,4.855,-9.304,6.766,0.253,0.789,0.837,0.884,0.932,0.979,0.253,0.789,0.837,0.884,0.932,0.979
K112+550,5.169,0.743,6.077,-9.178,10.495,0.253,0.789,0.837,0.884,0.932,0.979,0.253,0.789,0.837,0.884,0.932,0.979
K112+575,5.321,0.037,5.820,-9.109,10.057,0.253,0.789,0.837,0.884,0.932,0.979,0.253,0.789,0.837,0.884,0.932,0.979
K112+600,6.132,0.000,4.960,-9.028,7.406,0.253,0.789,0.837,0.884,0.932,0.979,0.253,0.789,0.837,0.884,0.932,0.979
K112+625,6.079,0.000,4.864,-8.388,7.705,0.253,0.789,0.837,0.884,0.932,0.979,0.253,0.789,0.837,0.884,0.932,0.979
K112+650,5.316,0.000,4.540,-7.308,7.742,0.253,0.789,0.837,0.884,0.932,0.979,0.253,0.789,0.837,0.884,0.932,0.979
K112+675,4.943,0.000,4.446,-6.908,7.834,0.253,0.789,0.837,0.884,0.932,0.979,0.253,0.789,0.837,0.884,0.932,0.979
K112+700,5.268,0.000,5.199,-9.346,7.864,0.253,0.789,0.837,0.884,0.932,0.979,0.253,0.789,0.837,0.884,0.932,0.979
K112+725,4.877,0.000,4.739,-7.955,7.748,0.253,0.789,0.837,0.884,0.932,0.979,0.253,0.789,0.837,0.884,0.932,0.979
K112+750,4.700,0.000,4.763,-7.857,7.917,0.253,0.789,0.837,0.884,0.932,0.979,0.253,0.789,0.837,0.884,0.932,0.979
K112+775,3.651,0.000,4.601,-7.655,7.600,0.253,0.789,0.837,0.884,0.932,0.979,0.253,0.789,0.837,0.884,0.932,0.979
K112+800,4.685,0.000,4.475,-7.209,7.580,0.253,0.789,0.837,0.884,0.932,0.979,0.253,0.789,0.837,0.884,0.932,0.979
K112+825,5.402,0.000,4.846,-8.337,7.688,0.253,0.789,0.837,0.884,0.932,0.979,0.253,0.789,0.837,0.884,0.932,0.979
K112+850,5.325,0.000,4.774,-8.243,7.577,0.253,0.789,0.837,0.884,0.932,0.979,0.253,0.789,0.837,0.884,0.932,0.979
K112+875,5.007,0.000,4.372,-6.806,7.670,0.253,0.789,0.837,0.884,0.932,0.979,0.253,0.789,0.837,0.884,0.932,0.979
K112+900,3.759,0.000,4.310,-6.871,7.436,0.253,0.789,0.837,0.884,0.932,0.979,0.253,0.789,0.837,0.884,0.932,0.979
K112+925,3.171,0.029,4.170,-6.448,7.331,0.253,0.789,0.837,0.884,0.932,0.979,0.253,0.789,0.837,0.884,0.932,0.979
K112+950,2.325,0.086,4.050,-6.293,7.104,0.253,0.789,0.837,0.884,0.932,0.979,0.253,0.789,0.837,0.884,0.932,0.979
K112+975,1.038,2.105,5.200,-9.275,7.437,0.253,0.789,0.837,0.884,0.932,0.979,0.253,0.789,0.837,0.884,0.932,0.979
K113+000,1.156,0.326,3.885,-6.056,6.815,0.253,0.789,0.837,0.884,0.932,0.979,0.253,0.789,0.837,0.884,0.932,0.979
K113+025,0.264,2.838,4.935,-9.202,6.669,0.253,0.789,0.837,0.884,0.932,0.979,0.253,0.789,0.837,0.884,0.932,0.979
K113+050,0.128,3.003,4.918,-9.258,6.607,0.253,0.789,0.837,0.884,0.932,0.979,0.253,0.789,0.837,0.884,0.932,0.979
K113+075,0.040,2.171,3.614,-5.160,6.704,0.253,0.789,0.837,0.884,0.932,0.979,0.253,0.789,0.837,0.884,0.932,0.979
K113+100,0.518,2.227,4.962,-9.312,6.810,0.253,0.789,0.837,0.884,0.932,0.979,0.253,0.789,0.837,0.884,0.932,0.979
K113+125,0.561,1.530,4.929,-9.279,6.955,0.253,0.789,0.837,0.884,0.932,0.979,0.253,0.789,0.837,0.884,0.932,0.979
K113+150,1.351,0.070,3.918,-6.321,6.635,0.253,0.789,0.837,0.884,0.932,0.979,0.253,0.789,0.837,0.884,0.932,0.979
K113+175,1.234,0.163,3.854,-6.392,6.316,0.253,0.789,0.837,0.884,0.932,0.979,0.253,0.789,0.837,0.884,0.932,0.979
K113+200,1.851,0.004,4.048,-6.788,6.637,0.253,0.789,0.837,0.884,0.932,0.979,0.253,0.789,0.837,0.884,0.932,0.979
K113+225,1.458,0.084,3.926,-6.266,6.711,0.253,0.789,0.837,0.884,0.932,0.979,0.253,0.789,0.837,0.884,0.932,0.979
K113+250,1.643,0.001,4.051,-6.651,6.771,0.253,0.789,0.837,0.884,0.932,0.979,0.253,0.789,0.837,0.884,0.932,0.979
K113+275,0.992,0.410,4.535,-8.051,6.802,0.253,0.789,0.837,0.884,0.932,0.979,0.253,0.789,0.837,0.884,0.932,0.979
K113+300,1.171,0.131,3.922,-6.256,6.729,0.253,0.789,0.837,0.884,0.932,0.979,0.253,0.789,0.837,0.884,0.932,0.979
K113+325,1.525,0.212,3.946,-6.333,6.679,0.253,0.789,0.837,0.884,0.932,0.979,0.253,0.789,0.837,0.884,0.932,0.979
K113+350,0.489,0.243,3.900,-6.373,6.549,0.253,0.789,0.837,0.884,0.932,0.979,0.253,0.789,0.837,0.884,0.932,0.979
K113+375,0.428,0.466,3.874,-6.739,6.113,0.253,0.789,0.837,0.884,0.932,0.979,0.253,0.789,0.837,0.884,0.932,0.979
K113+400,0.422,1.236,4.415,-7.872,6.525,0.253,0.789,0.837,0.884,0.932,0.979,0.253,0.789,0.837,0.884,0.932,0.979
K113+425,1.331,0.102,4.050,-6.395,6.970,0.253,0.789,0.837,0.884,0.932,0.979,0.253,0.789,0.837,0.884,0.932,0.979
K113+450,1.990,0.053,4.016,-6.374,6.899,0.253,0.789,0.837,0.884,0.932,0.979,0.253,0.789,0.837,0.884,0.932,0.979
K113+475,2.405,0.153,4.158,-6.165,7.592,0.253,0.789,0.837,0.884,0.932,0.979,0.253,0.789,0.837,0.884,0.932,0.979
K113+500,3.088,0.000,4.291,-6.967,7.232,0.253,0.789,0.837,0.884,0.932,0.979,0.253,0.789,0.837,0.884,0.932,0.979
K113+525,4.489,0.000,4.583,-7.825,7.403,0.253,0.789,0.837,0.884,0.932,0.979,0.253,0.789,0.837,0.884,0.932,0.979
K113+550,6.187,0.000,4.794,-8.311,7.601,0.253,0.789,0.837,0.884,0.932,0.979,0.253,0.789,0.837,0.884,0.932,0.979
K113+575,8.564,0.000,5.421,-9.880,7.839,0.253,0.789,0.837,0.884,0.932,0.979,0.253,0.789,0.837,0.884,0.932,0.979
K113+600,9.033,0.000,5.236,-9.661,7.609,0.253,0.789,0.837,0.884,0.932,0.979,0.253,0.789,0.837,0.884,0.932,0.979
K113+625,9.069,0.000,5.394,-10.012,7.879,0.253,0.789,0.837,0.884,0.932,0.979,0.253,0.789,0.837,0.884,0.932,0.979
K113+650,10.221,0.000,5.545,-9.866,8.506,0.253,0.789,0.837,0.884,0.932,0.979,0.253,0.789,0.837,0.884,0.932,0.979
K113+675,10.893,0.000,5.961,-9.732,10.080,0.253,0.789,0.837,0.884,0.932,0.979,0.253,0.789,0.837,0.884,0.932,0.979
K113+700,10.076,0.000,5.940,-9.564,10.078,0.253,0.789,0.837,0.884,0.932,0.979,0.253,0.789,0.837,0.884,0.932,0.979
K113+725,11.239,0.000,5.908,-9.387,10.238,0.253,0.789,0.837,0.884,0.932,0.979,0.253,0.789,0.837,0.884,0.932,0.979
K113+750,11.610,0.000,5.519,-9.750,8.595,0.253,0.789,0.837,0.884,0.932,0.979,0.253,0.789,0.837,0.884,0.932,0.979
K113+775,13.820,0.000,6.091,-9.842,10.412,0.253,0.789,0.837,0.884,0.932,0.979,0.253,0.789,0.837,0.884,0.932,0.979
K113+800,13.914,0.000,6.092,-9.762,10.440,0.253,0.789,0.837,0.884,0.932,0.979,0.253,0.789,0.837,0.884,0.932,0.979
K113+825,14.928,0.000,6.347,-10.558,10.356,0.253,0.789,0.837,0.884,0.932,0.979,0.253,0.789,0.837,0.884,0.932,0.979
K113+850,16.503,0.000,6.202,-9.990,10.613,0.253,0.789,0.837,0.884,0.932,0.979,0.253,0.789,0.837,0.884,0.932,0.979
K113+875,17.528,0.000,6.301,-9.983,10.946,0.253,0.789,0.837,0.884,0.932,0.979,0.253,0.789,0.837,0.884,0.932,0.979
K113+900,19.422,0.000,6.446,-10.304,11.119,0.253,0.789,0.837,0.884,0.932,0.979,0.253,0.789,0.837,0.884,0.932,0.979
K113+925,21.365,0.000,6.581,-10.548,11.295,0.253,0.789,0.837,0.884,0.932,0.979,0.253,0.789,0.837,0.884,0.932,0.979
K113+950,22.903,0.000,6.761,-11.022,11.361,0.253,0.789,0.837,0.884,0.932,0.979,0.253,0.789,0.837,0.884,0.932,0.979
K113+975,25.545,0.000,6.914,-11.426,11.473,0.253,0.789,0.837,0.884,0.932,0.979,0.253,0.789,0.837,0.884,0.932,0.979
K114+000,28.750,0.000,7.023,-11.676,11.592,0.253,0.789,0.837,0.884,0.932,0.979,0.253,0.789,0.837,0.884,0.932,0.979
K114+025,30.340,0.000,7.223,-11.868,12.067,0.253,0.789,0.837,0.884,0.932,0.979,0.253,0.789,0.837,0.884,0.932,0.979
K114+050,32.011,0.000,7.477,-12.364,12.247,0.253,0.789,0.837,0.884,0.932,0.979,0.253,0.789,0.837,0.884,0.932,0.979
K114+075,35.266,0.000,7.614,-12.704,12.342,0.253,0.789,0.837,0.884,0.932,0.979,0.253,0.789,0.837,0.884,0.932,0.979
K114+100,35.906,0.000,7.566,-12.593,12.364,0.253,0.789,0.837,0.884,0.932,0.979,0.253,0.789,0.837,0.884,0.932,0.979
K114+125,36.242,0.000,7.242,-12.012,12.045,0.253,0.789,0.837,0.884,0.932,0.979,0.253,0.789,0.837,0.884,0.932,0.979
K114+150,36.044,0.000,7.361,-12.443,11.988,0.253,0.789,0.837,0.884,0.932,0.979,0.253,0.789,0.837,0.884,0.932,0.979
K114+175,38.462,0.000,7.622,-12.663,12.473,0.253,0.789,0.837,0.884,0.932,0.979,0.253,0.789,0.837,0.884,0.932,0.979
K114+200,38.325,0.000,7.566,-12.618,12.436,0.253,0.789,0.837,0.884,0.932,0.979,0.253,0.789,0.837,0.884,0.932,0.979
K114+225,37.210,0.000,7.551,-12.695,12.323,0.253,0.789,0.837,0.884,0.932,0.979,0.253,0.789,0.837,0.884,0.932,0.979
K114+250,36.849,0.000,7.753,-12.952,12.479,0.253,0.789,0.837,0.884,0.932,0.979,0.253,0.789,0.837,0.884,0.932,0.979
K114+275,38.377,0.000,7.774,-13.057,12.457,0.253,0.789,0.837,0.884,0.932,0.979,0.253,0.789,0.837,0.884,0.932,0.979
K114+300,38.568,0.000,7.481,-12.288,12.580,0.253,0.789,0.837,0.884,0.932,0.979,0.253,0.789,0.837,0.884,0.932,0.979
K114+325,31.683,0.000,7.350,-12.422,11.994,0.253,0.789,0.837,0.884,0.932,0.979,0.253,0.789,0.837,0.884,0.932,0.979
K114+350,35.127,0.000,7.530,-12.434,12.565,0.253,0.789,0.837,0.884,0.932,0.979,0.253,0.789,0.837,0.884,0.932,0.979
K114+375,34.234,0.000,7.400,-12.202,12.389,0.253,0.789,0.837,0.884,0.932,0.979,0.253,0.789,0.837,0.884,0.932,0.979
K114+400,32.290,0.000,7.288,-11.835,12.326,0.253,0.789,0.837,0.884,0.932,0.979,0.253,0.789,0.837,0.884,0.932,0.979
K114+425,28.560,0.000,7.062,-11.711,11.751,0.253,0.789,0.837,0.884,0.932,0.979,0.253,0.789,0.837,0.884,0.932,0.979
K114+450,34.756,0.000,7.394,-11.933,12.595,0.253,0.789,0.837,0.884,0.932,0.979,0.253,0.789,0.837,0.884,0.932,0.979
K114+475,33.514,0.000,7.308,-11.852,12.404,0.253,0.789,0.837,0.884,0.932,0.979,0.253,0.789,0.837,0.884,0.932,0.979
K114+500,26.169,0.000,7.284,-11.790,12.215,0.253,0.789,0.837,0.884,0.932,0.979,0.253,0.789,0.837,0.884,0.932,0.979
K114+525,24.910,0.000,6.913,-11.784,11.177,0.253,0.789,0.837,0.884,0.932,0.979,0.253,0.789,0.837,0.884,0.932,0.979
K114+550,27.512,0.000,7.081,-11.760,11.768,0.253,0.789,0.837,0.884,0.932,0.979,0.253,0.789,0.837,0.884,0.932,0.979
K114+575,26.234,0.000,6.997,-11.449,11.807,0.253,0.789,0.837,0.884,0.932,0.979,0.253,0.789,0.837,0.884,0.932,0.979
K114+600,22.735,0.000,6.888,-10.980,11.878,0.253,0.789,0.837,0.884,0.932,0.979,0.253,0.789,0.837,0.884,0.932,0.979
K114+625,17.417,0.000,6.535,-10.773,10.948,0.253,0.789,0.837,0.884,0.932,0.979,0.253,0.789,0.837,0.884,0.932,0.979
K114+650,19.148,0.000,6.601,-11.082,10.831,0.253,0.789,0.837,0.884,0.932,0.979,0.253,0.789,0.837,0.884,0.932,0.979
K114+675,19.167,0.000,6.588,-11.063,10.848,0.253,0.789,0.837,0.884,0.932,0.979,0.253,0.789,0.837,0.884,0.932,0.979
K114+700,25.874,0.000,7.187,-11.948,11.909,0.253,0.789,0.837,0.884,0.932,0.979,0.253,0.789,0.837,0.884,0.932,0.979
K114+725,23.825,0.000,7.049,-11.919,11.464,0.253,0.789,0.837,0.884,0.932,0.979,0.253,0.789,0.837,0.884,0.932,0.979
K114+750,22.048,0.000,7.010,-11.790,11.433,0.253,0.789,0.837,0.884,0.932,0.979,0.253,0.789,0.837,0.884,0.932,0.979
K114+775,19.965,0.000,6.988,-11.271,11.700,0.253,0.789,0.837,0.884,0.932,0.979,0.253,0.789,0.837,0.884,0.932,0.979
K114+800,21.413,0.000,6.871,-10.739,11.917,0.253,0.789,0.837,0.884,0.932,0.979,0.253,0.789,0.837,0.884,0.932,0.979
K114+825,24.043,0.000,6.755,-11.279,11.153,0.253,0.789,0.837,0.884,0.932,0.979,0.253,0.789,0.837,0.884,0.932,0.979
K114+850,29.088,0.000,7.006,-11.645,11.650,0.253,0.789,0.837,0.884,0.932,0.979,0.253,0.789,0.837,0.884,0.932,0.979
K114+875,27.765,0.000,6.892,-11.540,11.360,0.253,0.789,0.837,0.884,0.932,0.979,0.253,0.789,0.837,0.884,0.932,0.979
K114+900,31.696,0.000,6.964,-11.293,11.871,0.253,0.789,0.837,0.884,0.932,0.979,0.253,0.789,0.837,0.884,0.932,0.979
K114+925,29.489,0.000,6.821,-11.197,11.474,0.253,0.789,0.837,0.884,0.932,0.979,0.253,0.789,0.837,0.884,0.932,0.979
K114+950,31.035,0.000,6.965,-11.290,11.870,0.253,0.789,0.837,0.884,0.932,0.979,0.253,0.789,0.837,0.884,0.932,0.979
K114+975,28.267,0.000,6.762,-10.994,11.491,0.253,0.789,0.837,0.884,0.932,0.979,0.253,0.789,0.837,0.884,0.932,0.979
K115+000,25.807,0.000,6.639,-10.892,11.180,0.253,0.789,0.837,0.884,0.932,0.979,0.253,0.789,0.837,0.884,0.932,0.979
K115+025,21.759,0.000,6.308,-9.595,11.294,0.253,0.789,0.837,0.884,0.932,0.979,0.253,0.789,0.837,0.884,0.932,0.979
K115+050,24.020,0.000,6.544,-10.848,10.929,0.253,0.789,0.837,0.884,0.932,0.979,0.253,0.789,0.837,0.884,0.932,0.979
K115+075,22.517,0.000,6.464,-10.506,11.015,0.253,0.789,0.837,0.884,0.932,0.979,0.253,0.789,0.837,0.884,0.932,0.979
K115+100,20.321,0.000,6.402,-10.107,11.159,0.253,0.789,0.837,0.884,0.932,0.979,0.253,0.789,0.837,0.884,0.932,0.979
K115+125,19.860,0.000,6.307,-10.158,10.744,0.253,0.789,0.837,0.884,0.932,0.979,0.253,0.789,0.837,0.884,0.932,0.979
K115+150,18.211,0.000,6.097,-9.717,10.480,0.253,0.789,0.837,0.884,0.932,0.979,0.253,0.789,0.837,0.884,0.932,0.979
K115+175,16.485,0.003,6.118,-9.642,10.501,0.253,0.789,0.837,0.884,0.932,0.979,0.253,0.789,0.837,0.884,0.932,0.979
K115+200,18.973,0.000,6.304,-10.382,10.582,0.253,0.789,0.837,0.884,0.932,0.979,0.253,0.789,0.837,0.884,0.932,0.979
K115+225,19.464,0.000,6.543,-10.506,11.234,0.253,0.789,0.837,0.884,0.932,0.979,0.253,0.789,0.837,0.884,0.932,0.979
K115+250,19.874,0.000,6.285,-10.137,10.763,0.253,0.789,0.837,0.884,0.932,0.979,0.253,0.789,0.837,0.884,0.932,0.979
K115+275,17.470,0.000,6.638,-11.026,10.788,0.253,0.789,0.837,0.884,0.932,0.979,0.253,0.789,0.837,0.884,0.932,0.979
K115+300,21.051,0.000,6.496,-10.811,10.789,0.253,0.789,0.837,0.884,0.932,0.979,0.253,0.789,0.837,0.884,0.932,0.979
K115+325,21.748,0.000,6.578,-10.949,10.866,0.253,0.789,0.837,0.884,0.932,0.979,0.253,0.789,0.837,0.884,0.932,0.979
K115+350,17.531,0.000,6.658,-10.897,10.960,0.253,0.789,0.837,0.884,0.932,0.979,0.253,0.789,0.837,0.884,0.932,0.979
K115+375,18.444,0.046,6.628,-10.907,10.952,0.253,0.789,0.837,0.884,0.932,0.979,0.253,0.789,0.837,0.884,0.932,0.979
K115+400,21.903,0.000,6.475,-11.261,10.221,0.253,0.789,0.837,0.884,0.932,0.979,0.253,0.789,0.837,0.884,0.932,0.979
K115+425,20.844,0.000,5.879,-11.374,8.072,0.253,0.789,0.837,0.884,0.932,0.979,0.253,0.789,0.837,0.884,0.932,0.979
K115+450,22.286,0.000,6.445,-11.145,10.220,0.253,0.789,0.837,0.884,0.932,0.979,0.253,0.789,0.837,0.884,0.932,0.979
K115+475,22.748,0.000,6.598,-11.068,10.820,0.253,0.789,0.837,0.884,0.932,0.979,0.253,0.789,0.837,0.884,0.932,0.979
K115+500,22.274,0.000,6.466,-10.826,10.631,0.253,0.789,0.837,0.884,0.932,0.979,0.253,0.789,0.837,0.884,0.932,0.979
K115+525,21.952,0.000,6.379,-10.358,10.865,0.253,0.789,0.837,0.884,0.932,0.979,0.253,0.789,0.837,0.884,0.932,0.979
K115+550,21.838,0.000,6.344,-10.145,10.857,0.253,0.789,0.837,0.884,0.932,0.979,0.253,0.789,0.837,0.884,0.932,0.979
K115+575,21.941,0.000,6.519,-10.606,10.932,0.253,0.789,0.837,0.884,0.932,0.979,0.253,0.789,0.837,0.884,0.932,0.979
K115+600,23.005,0.000,6.674,-11.145,10.967,0.253,0.789,0.837,0.884,0.932,0.979,0.253,0.789,0.837,0.884,0.932,0.979
K115+625,24.323,0.000,6.985,-11.867,11.149,0.253,0.789,0.837,0.884,0.932,0.979,0.253,0.789,0.837,0.884,0.932,0.979
K115+650,24.586,0.000,6.367,-10.642,10.378,0.253,0.789,0.837,0.884,0.932,0.979,0.253,0.789,0.837,0.884,0.932,0.979
K115+675,26.161,0.000,6.617,-11.186,10.831,0.253,0.789,0.837,0.884,0.932,0.979,0.253,0.789,0.837,0.884,0.932,0.979
K115+700,24.833,0.000,6.703,-11.462,10.666,0.253,0.789,0.837,0.884,0.932,0.979,0.253,0.789,0.837,0.884,0.932,0.979
K115+725,24.255,0.000,6.588,-11.255,10.621,0.253,0.789,0.837,0.884,0.932,0.979,0.253,0.789,0.837,0.884,0.932,0.979
K115+750,24.915,0.000,6.589,-11.014,10.875,0.253,0.789,0.837,0.884,0.932,0.979,0.253,0.789,0.837,0.884,0.932,0.979
K115+775,23.978,0.000,6.649,-11.214,10.659,0.253,0.789,0.837,0.884,0.932,0.979,0.253,0.789,0.837,0.884,0.932,0.979
K115+800,25.495,0.000,6.780,-11.747,10.643,0.253,0.789,0.837,0.884,0.932,0.979,0.253,0.789,0.837,0.884,0.932,0.979
K115+825,26.136,0.000,6.874,-11.366,11.282,0.253,0.789,0.837,0.884,0.932,0.979,0.253,0.789,0.837,0.884,0.932,0.979
K115+850,25.907,0.000,6.862,-11.151,11.425,0.253,0.789,0.837,0.884,0.932,0.979,0.253,0.789,0.837,0.884,0.932,0.979
K115+875,27.450,0.000,6.699,-10.975,11.318,0.253,0.789,0.837,0.884,0.932,0.979,0.253,0.789,0.837,0.884,0.932,0.979
K115+900,26.542,0.000,6.594,-10.668,11.254,0.253,0.789,0.837,0.884,0.932,0.979,0.253,0.789,0.837,0.884,0.932,0.979
K115+925,56.949,0.000,7.871,-13.408,12.795,0.253,0.789,0.837,0.884,0.932,0.979,0.253,0.789,0.837,0.884,0.932,0.979
K115+950,58.605,0.000,8.208,-13.383,13.860,0.253,0.789,0.837,0.884,0.932,0.979,0.253,0.789,0.837,0.884,0.932,0.979
K115+975,59.736,0.000,8.375,-13.423,14.304,0.253,0.789,0.837,0.884,0.932,0.979,0.253,0.789,0.837,0.884,0.932,0.979
K116+000,58.363,0.000,8.432,-13.554,14.412,0.253,0.789,0.837,0.884,0.932,0.979,0.253,0.789,0.837,0.884,0.932,0.979
K116+025,57.446,0.000,8.307,-12.828,14.618,0.253,0.789,0.837,0.884,0.932,0.979,0.253,0.789,0.837,0.884,0.932,0.979
K116+050,54.664,0.000,8.348,-12.558,14.859,0.253,0.789,0.837,0.884,0.932,0.979,0.253,0.789,0.837,0.884,0.932,0.979
K116+075,48.641,0.000,7.872,-12.589,13.472,0.253,0.789,0.837,0.884,0.932,0.979,0.253,0.789,0.837,0.884,0.932,0.979
K116+100,23.736,0.000,6.691,-10.968,11.208,0.253,0.789,0.837,0.884,0.932,0.979,0.253,0.789,0.837,0.884,0.932,0.979
K116+125,24.308,0.000,6.748,-11.072,11.293,0.253,0.789,0.837,0.884,0.932,0.979,0.253,0.789,0.837,0.884,0.932,0.979
K116+150,23.117,0.000,6.315,-10.562,10.383,0.253,0.789,0.837,0.884,0.932,0.979,0.253,0.789,0.837,0.884,0.932,0.979
K116+175,22.585,0.000,6.694,-11.396,10.508,0.253,0.789,0.837,0.884,0.932,0.979,0.253,0.789,0.837,0.884,0.932,0.979
K116+200,23.910,0.000,7.158,-11.234,11.437,0.253,0.789,0.837,0.884,0.932,0.979,0.253,0.789,0.837,0.884,0.932,0.979
K116+225,22.603,0.000,6.690,-11.136,10.784,0.253,0.789,0.837,0.884,0.932,0.979,0.253,0.789,0.837,0.884,0.932,0.979
K116+250,20.187,0.000,6.479,-11.443,9.673,0.253,0.789,0.837,0.884,0.932,0.979,0.253,0.789,0.837,0.884,0.932,0.979
K116+275,23.152,0.000,6.443,-11.078,10.089,0.253,0.789,0.837,0.884,0.932,0.979,0.253,0.789,0.837,0.884,0.932,0.979
K116+300,22.633,0.000,6.412,-11.104,10.166,0.253,0.789,0.837,0.884,0.932,0.979,0.253,0.789,0.837,0.884,0.932,0.979
K116+325,21.913,0.000,6.367,-10.951,10.175,0.253,0.789,0.837,0.884,0.932,0.979,0.253,0.789,0.837,0.884,0.932,0.979
K116+350,22.025,0.000,6.331,-10.841,10.193,0.253,0.789,0.837,0.884,0.932,0.979,0.253,0.789,0.837,0.884,0.932,0.979
K116+375,20.845,0.000,6.125,-10.413,9.916,0.253,0.789,0.837,0.884,0.932,0.979,0.253,0.789,0.837,0.884,0.932,0.979
K116+400,18.917,0.000,6.631,-10.771,10.552,0.253,0.789,0.837,0.884,0.932,0.979,0.253,0.789,0.837,0.884,0.932,0.979
K116+425,20.805,0.000,6.389,-10.870,10.373,0.253,0.789,0.837,0.884,0.932,0.979,0.253,0.789,0.837,0.884,0.932,0.979
K116+450,20.192,0.000,6.395,-11.021,10.191,0.253,0.789,0.837,0.884,0.932,0.979,0.253,0.789,0.837,0.884,0.932,0.979
K116+475,20.777,0.000,6.471,-10.984,10.510,0.253,0.789,0.837,0.884,0.932,0.979,0.253,0.789,0.837,0.884,0.932,0.979
K116+500,15.349,0.000,6.458,-11.206,10.100,0.253,0.789,0.837,0.884,0.932,0.979,0.253,0.789,0.837,0.884,0.932,0.979
K116+525,12.009,0.285,7.034,-11.282,10.761,0.253,0.789,0.837,0.884,0.932,0.979,0.253,0.789,0.837,0.884,0.932,0.979
K116+550,11.621,1.328,7.040,-11.378,10.761,0.253,0.789,0.837,0.884,0.932,0.979,0.253,0.789,0.837,0.884,0.932,0.979
K116+575,15.432,0.668,6.869,-11.061,10.717,0.253,0.789,0.837,0.884,0.932,0.979,0.253,0.789,0.837,0.884,0.932,0.979
K116+600,15.244,0.794,7.063,-11.377,11.085,0.253,0.789,0.837,0.884,0.932,0.979,0.253,0.789,0.837,0.884,0.932,0.979
K116+625,16.999,0.386,7.020,-11.441,10.745,0.253,0.789,0.837,0.884,0.932,0.979,0.253,0.789,0.837,0.884,0.932,0.979
K116+650,15.672,0.000,6.578,-10.777,10.906,0.253,0.789,0.837,0.884,0.932,0.979,0.253,0.789,0.837,0.884,0.932,0.979
K116+675,12.724,0.285,6.374,-10.055,10.431,0.253,0.789,0.837,0.884,0.932,0.979,0.253,0.789,0.837,0.884,0.932,0.979
K116+700,10.160,0.000,4.922,-9.251,6.970,0.253,0.789,0.837,0.884,0.932,0.979,0.253,0.789,0.837,0.884,0.932,0.979
K116+725,8.965,0.000,4.820,-8.468,7.460,0.253,0.789,0.837,0.884,0.932,0.979,0.253,0.789,0.837,0.884,0.932,0.979
K116+750,9.124,0.000,5.177,-10.079,7.072,0.253,0.789,0.837,0.884,0.932,0.979,0.253,0.789,0.837,0.884,0.932,0.979
K116+775,7.158,0.000,5.026,-9.419,7.289,0.253,0.789,0.837,0.884,0.932,0.979,0.253,0.789,0.837,0.884,0.932,0.979
K116+800,4.483,0.064,3.937,-6.345,6.577,0.253,0.789,0.837,0.884,0.932,0.979,0.253,0.789,0.837,0.884,0.932,0.979
K116+825,3.704,1.374,5.113,-9.521,6.937,0.253,0.789,0.837,0.884,0.932,0.979,0.253,0.789,0.837,0.884,0.932,0.979
K116+850,3.796,0.000,4.968,-9.709,6.751,0.253,0.789,0.837,0.884,0.932,0.979,0.253,0.789,0.837,0.884,0.932,0.979
K116+875,2.043,1.478,5.183,-9.750,6.892,0.253,0.789,0.837,0.884,0.932,0.979,0.253,0.789,0.837,0.884,0.932,0.979
K116+900,0.686,1.524,4.888,-9.110,6.738,0.253,0.789,0.837,0.884,0.932,0.979,0.253,0.789,0.837,0.884,0.932,0.979
K116+925,0.701,2.216,4.930,-9.172,6.691,0.253,0.789,0.837,0.884,0.932,0.979,0.253,0.789,0.837,0.884,0.932,0.979
K116+950,0.540,2.478,4.969,-9.262,6.721,0.253,0.789,0.837,0.884,0.932,0.979,0.253,0.789,0.837,0.884,0.932,0.979
K116+975,0.008,2.318,3.922,-6.545,6.308,0.253,0.789,0.837,0.884,0.932,0.979,0.253,0.789,0.837,0.884,0.932,0.979
K117+000,0.000,6.085,3.273,-5.290,5.447,0.253,0.789,0.837,0.884,0.932,0.979,0.253,0.789,0.837,0.884,0.932,0.979
K117+025,0.000,3.997,3.571,-5.843,5.989,0.253,0.789,0.837,0.884,0.932,0.979,0.253,0.789,0.837,0.884,0.932,0.979
K117+050,0.000,3.352,3.546,-5.552,6.170,0.253,0.789,0.837,0.884,0.932,0.979,0.253,0.789,0.837,0.884,0.932,0.979
K117+075,0.092,2.276,3.693,-5.786,6.421,0.253,0.789,0.837,0.884,0.932,0.979,0.253,0.789,0.837,0.884,0.932,0.979
K117+100,0.495,1.536,3.867,-6.072,6.676,0.253,0.789,0.837,0.884,0.932,0.979,0.253,0.789,0.837,0.884,0.932,0.979
K117+125,0.971,0.548,3.980,-6.129,6.971,0.253,0.789,0.837,0.884,0.932,0.979,0.253,0.789,0.837,0.884,0.932,0.979
K117+150,1.924,0.030,4.165,-6.674,7.069,0.253,0.789,0.837,0.884,0.932,0.979,0.253,0.789,0.837,0.884,0.932,0.979
K117+175,2.253,0.000,4.311,-7.019,7.242,0.253,0.789,0.837,0.884,0.932,0.979,0.253,0.789,0.837,0.884,0.932,0.979
K117+200,2.149,0.000,4.257,-6.863,7.258,0.253,0.789,0.837,0.884,0.932,0.979,0.253,0.789,0.837,0.884,0.932,0.979
K117+225,2.656,0.000,4.312,-7.112,7.131,0.253,0.789,0.837,0.884,0.932,0.979,0.253,0.789,0.837,0.884,0.932,0.979
K117+250,3.044,0.000,4.418,-7.814,6.766,0.253,0.789,0.837,0.884,0.932,0.979,0.253,0.789,0.837,0.884,0.932,0.979
K117+275,3.256,0.000,4.456,-8.052,6.693,0.253,0.789,0.837,0.884,0.932,0.979,0.253,0.789,0.836,0.884,0.931,0.978
K117+300,0.327,0.436,4.299,-6.477,7.657,0.253,0.789,0.837,0.884,0.932,0.979,0.252,0.787,0.832,0.876,0.921,0.965
K117+325,3.358,0.288,4.068,-6.004,7.438,0.253,0.789,0.837,0.884,0.932,0.979,0.252,0.786,0.829,0.871,0.914,0.957
K117+350,6.361,0.654,5.361,-9.562,7.807,0.253,0.789,0.837,0.884,0.932,0.979,0.252,0.786,0.829,0.871,0.914,0.957
K117+375,7.283,0.608,5.482,-9.716,8.008,0.253,0.789,0.837,0.884,0.932,0.979,0.252,0.786,0.829,0.871,0.914,0.957
K117+400,7.525,0.642,5.454,-9.770,7.860,0.253,0.789,0.837,0.884,0.932,0.979,0.252,0.786,0.829,0.871,0.914,0.957
K117+425,6.797,0.844,5.379,-9.853,7.573,0.253,0.789,0.837,0.884,0.932,0.979,0.252,0.786,0.829,0.871,0.914,0.957
K117+450,4.051,0.026,4.186,-6.450,7.424,0.253,0.789,0.837,0.884,0.932,0.979,0.252,0.786,0.829,0.871,0.914,0.957
K117+475,5.307,0.000,4.326,-6.703,7.592,0.253,0.789,0.837,0.884,0.932,0.979,0.252,0.786,0.829,0.871,0.914,0.957
K117+500,5.009,0.000,4.867,-9.167,6.942,0.253,0.789,0.837,0.884,0.932,0.979,0.252,0.786,0.829,0.871,0.914,0.957
K117+525,4.473,0.000,4.204,-6.999,6.905,0.253,0.789,0.837,0.884,0.932,0.979,0.252,0.786,0.829,0.871,0.914,0.957
K117+550,4.715,0.000,4.272,-6.691,7.375,0.253,0.789,0.837,0.884,0.932,0.979,0.252,0.786,0.829,0.871,0.914,0.957
K117+575,21.774,0.000,6.678,-11.162,10.698,0.253,0.789,0.837,0.884,0.932,0.979,0.252,0.786,0.829,0.871,0.914,0.957
K117+600,21.322,0.000,6.314,-9.906,10.699,0.253,0.789,0.837,0.884,0.932,0.979,0.252,0.786,0.829,0.871,0.914,0.957
K117+625,21.576,0.020,6.153,-10.107,9.873,0.253,0.789,0.837,0.884,0.932,0.979,0.252,0.786,0.829,0.871,0.914,0.957
K117+650,22.047,0.001,6.451,-10.075,10.996,0.253,0.789,0.837,0.884,0.932,0.979,0.252,0.786,0.829,0.871,0.914,0.957
K117+675,20.709,0.000,6.614,-10.531,10.937,0.253,0.789,0.837,0.884,0.932,0.979,0.252,0.786,0.829,0.871,0.914,0.957
K117+700,25.422,0.000,6.959,-11.165,11.112,0.253,0.789,0.837,0.884,0.932,0.979,0.252,0.786,0.829,0.871,0.914,0.957
K117+725,28.279,0.000,6.606,-11.419,10.123,0.253,0.789,0.837,0.884,0.932,0.979,0.252,0.786,0.829,0.872,0.914,0.957
K117+750,27.135,0.000,7.346,-12.036,11.429,0.253,0.789,0.837,0.884,0.932,0.979,0.253,0.788,0.833,0.879,0.924,0.969
K117+775,32.526,0.000,7.335,-11.820,11.579,0.253,0.789,0.837,0.884,0.932,0.979,0.253,0.789,0.837,0.884,0.932,0.979
K117+800,34.596,0.000,7.522,-11.858,12.241,0.253,0.789,0.837,0.884,0.932,0.979,0.253,0.789,0.837,0.884,0.932,0.979
K117+825,38.224,0.000,7.393,-12.066,11.671,0.253,0.789,0.837,0.884,0.932,0.979,0.253,0.789,0.837,0.884,0.932,0.979
K117+850,41.330,0.000,7.808,-12.916,12.201,0.253,0.789,0.837,0.884,0.932,0.979,0.253,0.789,0.837,0.884,0.932,0.979
K117+875,40.245,0.000,7.827,-12.977,12.069,0.253,0.789,0.837,0.884,0.932,0.979,0.253,0.789,0.837,0.884,0.932,0.979
K117+900,43.513,0.000,7.960,-13.228,12.352,0.253,0.789,0.837,0.884,0.932,0.979,0.253,0.788,0.834,0.880,0.926,0.972
K117+925,48.525,0.000,7.972,-13.367,12.946,0.253,0.789,0.837,0.884,0.932,0.979,0.252,0.786,0.830,0.873,0.916,0.960
K117+950,54.573,0.000,7.892,-12.978,13.137,0.253,0.789,0.837,0.884,0.932,0.979,0.252,0.786,0.829,0.871,0.914,0.957
K117+975,38.980,15.572,24.366,-10.151,21.448,0.253,0.789,0.837,0.884,0.932,0.979,0.252,0.786,0.829,0.871,0.914,0.957
K118+000,28.218,0.000,6.591,-10.033,11.660,0.253,0.789,0.837,0.884,0.932,0.979,0.252,0.786,0.829,0.871,0.914,0.957
K118+025,30.759,0.000,7.216,-11.975,11.843,0.253,0.789,0.837,0.884,0.932,0.979,0.252,0.786,0.829,0.871,0.914,0.957
K118+050,30.679,0.000,6.728,-9.856,12.071,0.253,0.789,0.837,0.884,0.932,0.979,0.252,0.786,0.829,0.871,0.914,0.957
K118+075,25.262,0.000,7.502,-12.307,12.257,0.253,0.789,0.837,0.884,0.932,0.979,0.252,0.786,0.829,0.871,0.914,0.957
K118+100,25.731,0.000,7.525,-11.937,12.596,0.253,0.789,0.837,0.884,0.932,0.979,0.252,0.786,0.829,0.871,0.914,0.957
K118+125,30.672,0.000,7.571,-11.905,12.823,0.253,0.789,0.837,0.884,0.932,0.979,0.252,0.786,0.829,0.871,0.914,0.957
K118+150,32.997,0.000,7.562,-12.002,12.704,0.253,0.789,0.837,0.884,0.932,0.979,0.252,0.786,0.829,0.871,0.914,0.957
K118+175,42.640,0.000,8.428,-12.600,13.243,0.253,0.789,0.837,0.884,0.932,0.979,0.252,0.786,0.829,0.871,0.914,0.957
K118+200,36.652,0.000,7.582,-12.168,12.756,0.253,0.789,0.837,0.884,0.932,0.979,0.252,0.786,0.829,0.871,0.914,0.957
K118+225,34.098,0.000,7.492,-12.051,12.610,0.253,0.789,0.837,0.884,0.932,0.979,0.252,0.786,0.829,0.871,0.914,0.957
K118+250,32.700,0.000,7.447,-11.877,12.628,0.253,0.789,0.837,0.884,0.932,0.979,0.252,0.786,0.829,0.871,0.914,0.957
K118+275,31.656,0.000,7.466,-12.026,12.389,0.253,0.789,0.837,0.884,0.932,0.979,0.252,0.786,0.829,0.871,0.914,0.957
K118+300,29.378,0.000,7.612,-12.012,12.838,0.253,0.789,0.837,0.884,0.932,0.979,0.252,0.787,0.832,0.876,0.921,0.966
K118+325,24.702,0.000,7.465,-11.952,12.528,0.253,0.789,0.837,0.884,0.932,0.979,0.253,0.789,0.837,0.884,0.931,0.979
K118+350,22.422,0.000,6.967,-11.298,11.758,0.253,0.789,0.837,0.884,0.932,0.979,0.253,0.789,0.837,0.884,0.932,0.979
K118+375,19.633,0.000,6.788,-10.688,10.417,0.253,0.789,0.837,0.884,0.932,0.979,0.253,0.789,0.837,0.884,0.932,0.979
K118+400,15.675,0.000,6.240,-10.385,10.352,0.253,0.789,0.837,0.884,0.932,0.979,0.253,0.789,0.837,0.884,0.932,0.979
K118+425,12.928,0.000,6.138,-9.758,10.649,0.253,0.789,0.837,0.884,0.932,0.979,0.253,0.789,0.837,0.884,0.932,0.979
K118+450,10.079,0.000,6.092,-9.908,10.339,0.252,0.787,0.832,0.877,0.922,0.967,0.253,0.790,0.837,0.884,0.932,0.979
K118+475,5.995,0.000,5.011,-9.775,6.906,0.252,0.785,0.828,0.870,0.913,0.955,0.253,0.791,0.840,0.889,0.938,0.987
K118+500,3.273,0.669,4.797,-9.617,6.350,0.252,0.784,0.824,0.864,0.905,0.945,0.253,0.792,0.843,0.894,0.945,0.996
K118+525,0.754,2.040,4.981,-9.635,6.880,0.252,0.784,0.824,0.864,0.904,0.945,0.253,0.793,0.844,0.895,0.946,0.997
K118+550,0.000,4.113,3.827,-6.271,6.436,0.252,0.784,0.824,0.864,0.904,0.945,0.253,0.793,0.844,0.895,0.946,0.997
K118+575,0.192,4.944,4.844,-9.094,7.009,0.252,0.784,0.824,0.864,0.904,0.945,0.253,0.793,0.844,0.895,0.946,0.997
K118+600,0.185,3.930,4.513,-9.109,5.907,0.252,0.784,0.824,0.864,0.904,0.945,0.253,0.793,0.844,0.895,0.946,0.997
